serviceName,timestamp,ACS,AIOS,AWS,Agent_ping,Asm_Free_Tb,Buffers_used,CPU_Used_Pct,CPU_free_pct,CPU_frequency,CPU_idle_pct,CPU_iowait_time,CPU_kernel_number,CPU_number,CPU_pused,CPU_system_time,CPU_user_time,CPU_util_pct,Cache_used,Call_Per_Sec,Cpu_num,DFParaWrite_Per_Sec,DbFile_Used_Pct,DbTime,Disk_avgqu_sz,Disk_await,Disk_io_util,Disk_rd_ios,Disk_rd_kbs,Disk_svctm,Disk_wr_ios,Disk_wr_kbs,Exec_Per_Sec,FS_max_avail,FS_max_util,FS_total_space,FS_used_pct,FS_used_space,Free_disk_space,Free_inodes,Hang,ICMP_ping,Incoming_network_traffic,LFParaWrite_Per_Sec,LFSync_Per_Sec,Logic_Read_Per_Sec,Login_Per_Sec,MEM_Total,MEM_Used,MEM_Used_Pct,MEM_real_util,Memory_available,Memory_available_pct,Memory_free,Memory_total,Memory_used,Memory_used_pct,New_Tbs_Free_Gb,New_Tbs_Used_Pct,Num_of_processes,Num_of_running_processes,On_Off_State,Outgoing_network_traffic,PGA_Used_Pct,PGA_used_total,Page_pi,Page_po,Physical_Read_Per_Sec,Proc_Used_Pct,Proc_User_Used_Pct,Processor_load_15_min,Processor_load_1_min,Processor_load_5_min,Received_errors_packets,Received_packets,Received_queue,Recv_total,Redo_Per_Sec,Row_Lock,SEQ_Used_Pct,SctRead_Per_Sec,Send_total,Sent_errors_packets,Sent_packets,Sent_queue,SeqRead_Per_Sec,Sess_Active,Sess_Connect,Sess_Used_Temp,Sess_Used_Undo,Session_pct,Shared_memory,Swap_used_pct,System_block_queue_length,System_wait_queue_length,TPS_Per_Sec,Tbs_Free_Gb,Tbs_Used_Pct,TempTbs_Pct,Total_Tbs_Size,Total_disk_space,Total_inodes,UndoTbs_Pct,Used_Tbs_Size,Used_disk_space,Used_disk_space_pct,Used_inodes,Used_inodes_pct,User_Commit,Zombie_Process,container_cpu_used,container_fgc,container_fgct,container_mem_used,container_session_used,container_thread_idle,container_thread_running,container_thread_total,container_thread_used_pct,cost,count,proc,ss_total,succ_rate,tnsping_result_time,label,fault_description
db_003,1592044500,0.01,0.03,0.0,0.0,0.0,0.0,0.0,95.91575,0.0,0.0,0.0,0.0,0.0,3.63,0.0,0.0,0.0,0.0,232.1,0.0,1.61,0.0,252.0,0.0,0.0,0.0,0.0,0.0,0.0,0.0,0.0,186.7,0.0,0.0,0.0,0.0,0.0,0.0,0.0,1.0,0.0,0.0,1.59,2.4,5573.4,1.4,381.90225,245.43015,64.276764,45.8,0.0,0.0,0.0,0.0,0.0,0.0,0.0,0.0,0.0,0.0,1.0,0.0,0.0,44.0,0.0,0.0,2569.4,0.48,0.48,0.0,0.0,0.0,0.0,0.0,0.0,0.0,7327.2,0.0,0.0,5.79,0.0,0.0,0.0,0.0,1.67,2.5,348.0,0.0,0.0,0.7240000000000001,0.0,0.0,0.0,0.0,32.4,0.0,0.0,0.0,0.0,0.0,0.0,0.0,0.0,0.0,0.0,0.0,0.0,1.1,0.0,0.0,0.0,0.0,0.0,0.0,0.0,0.0,0.0,0.0,2.593985,4522.0,2.593985,0.0,0.9929235000000001,0.0,0,db connection limit;db connection limit
db_003,1592044560,0.01,0.02,0.0,0.0,0.0,0.0,0.0,95.8827,0.0,0.0,0.0,0.0,0.0,2.33,0.0,0.0,0.0,0.0,209.3,0.0,1.7,0.0,328.1,0.0,0.0,0.0,0.0,0.0,0.0,0.0,0.0,102.2,0.0,0.0,0.0,0.0,0.0,0.0,0.0,1.0,0.0,0.0,1.56,2.13,3425.3,3.6,381.90225,245.6032,64.31127,45.86,0.0,0.0,0.0,0.0,0.0,0.0,0.0,0.0,0.0,0.0,1.0,0.0,0.0,0.0,0.0,0.0,2186.5,0.74,0.74,0.0,0.0,0.0,0.0,0.0,0.0,0.0,7137.1,0.0,0.0,6.07,0.0,0.0,0.0,0.0,1.7,3.3,215.0,0.0,0.0,1.526,0.0,0.0,0.0,0.0,28.3,0.0,0.0,0.0,0.0,0.0,0.0,0.0,0.0,0.0,0.0,0.0,0.0,1.13,0.0,0.0,0.0,0.0,0.0,0.0,0.0,0.0,0.0,0.0,2.652041,4581.0,2.652041,0.0,0.9978171,10.0,0,db connection limit;db connection limit
db_003,1592044620,0.01,0.01,0.0,0.0,0.0,0.0,0.0,97.92531600000001,0.0,0.0,0.0,0.0,0.0,2.18,0.0,0.0,0.0,0.0,250.3,0.0,1.66,0.0,111.3,0.0,0.0,0.0,0.0,0.0,0.0,0.0,0.0,110.9,0.0,0.0,0.0,0.0,0.0,0.0,0.0,1.0,0.0,0.0,1.59,2.13,2156.7,2.2,381.90225,245.69585,64.334755,45.88,0.0,0.0,0.0,0.0,0.0,0.0,0.0,0.0,0.0,0.0,1.0,0.0,0.0,51.0,0.0,0.0,1799.0,0.89,0.89,0.0,0.0,0.0,0.0,0.0,0.0,0.0,7285.9,0.0,0.0,5.81,0.0,0.0,0.0,0.0,1.77,1.1,268.0,0.0,0.0,0.414,0.0,0.0,0.0,0.0,34.7,0.0,0.0,0.0,0.0,0.0,0.0,0.0,0.0,0.0,0.0,0.0,0.0,1.08,0.0,0.0,0.0,0.0,0.0,0.0,0.0,0.0,0.0,0.0,2.5818708,4843.0,2.5818708,0.0,1.0,0.0,0,db connection limit;db connection limit
db_003,1592044680,0.01,0.01,0.0,0.0,3.41,0.0,0.0,97.23581999999999,0.0,0.0,0.0,0.0,0.0,2.12,0.0,0.0,0.0,0.0,240.5,0.0,1.82,0.0,112.2,0.0,0.0,0.0,0.0,0.0,0.0,0.0,0.0,103.7,0.0,0.0,0.0,0.0,0.0,0.0,0.0,1.0,0.0,0.0,1.53,2.23,87839.6,1.6,381.90225,245.75048999999999,64.34897,45.9,0.0,0.0,0.0,0.0,0.0,0.0,0.0,0.0,0.0,0.0,1.0,0.0,0.0,0.0,0.0,0.0,1263.3,0.91,0.91,0.0,0.0,0.0,0.0,0.0,0.0,0.0,6910.3,0.0,0.0,6.23,0.0,0.0,0.0,0.0,1.65,1.1,283.0,0.0,0.0,0.396,0.0,0.0,0.0,0.0,33.3,0.0,0.0,0.0,0.0,0.0,0.0,0.0,0.0,0.0,0.0,0.0,0.0,1.08,0.0,0.0,0.0,0.0,0.0,0.0,0.0,0.0,0.0,0.0,2.6099143,4781.0,2.6099143,0.0,1.0,0.0,0,db connection limit;db connection limit
db_003,1592044740,0.01,0.01,0.0,0.0,3.41,0.0,0.0,97.29182,0.0,0.0,0.0,0.0,0.0,3.77,0.0,0.0,0.0,0.0,227.8,0.0,1.62,0.0,111.9,0.0,0.0,0.0,0.0,0.0,0.0,0.0,0.0,104.2,0.0,0.0,0.0,0.0,0.0,0.0,0.0,1.0,0.0,0.0,1.53,2.21,2067.6,1.6,381.90225,245.81058,64.36487,46.09,0.0,0.0,0.0,0.0,0.0,0.0,0.0,0.0,0.0,0.0,1.0,0.0,0.0,52.0,0.0,0.0,1727.8,0.97,0.97,0.0,0.0,0.0,0.0,0.0,0.0,0.0,9681.3,0.0,0.0,6.12,0.0,0.0,0.0,0.0,1.68,1.1,299.0,0.0,0.0,0.375,0.0,0.0,0.0,0.0,31.7,0.0,0.0,0.0,0.0,0.0,0.0,0.0,0.0,0.0,0.0,0.0,0.0,1.06,0.0,0.0,0.0,0.0,0.0,0.0,0.0,0.0,0.0,0.0,2.5719626,4280.0,2.5719626,0.0,1.0,0.0,0,db connection limit;db connection limit
db_003,1592044800,0.01,0.01,0.0,0.0,0.0,0.0,0.0,97.39809,0.0,0.0,0.0,0.0,0.0,0.89,0.0,0.0,0.0,0.0,220.9,0.0,1.46,0.0,113.9,0.0,0.0,0.0,0.0,0.0,0.0,0.0,0.0,98.0,0.0,0.0,0.0,0.0,0.0,0.0,0.0,1.0,0.0,0.0,1.57,2.34,87433.3,1.5,381.90225,245.75537000000003,64.34975,45.9,0.0,0.0,0.0,0.0,0.0,0.0,0.0,0.0,0.0,0.0,1.0,0.0,0.0,0.0,0.0,0.0,1567.2,0.96,0.96,0.0,0.0,0.0,0.0,0.0,0.0,0.0,7086.7,0.0,0.0,5.95,0.0,0.0,0.0,0.0,1.69,1.1,307.0,0.0,0.0,0.371,0.0,0.0,0.0,0.0,30.7,0.0,0.0,0.0,0.0,0.0,0.0,0.0,0.0,0.0,0.0,0.0,0.0,1.13,0.0,0.0,0.0,0.0,0.0,0.0,0.0,0.0,0.0,0.0,2.5052855,4730.0,2.5052855,0.0,1.0,10.0,0,db connection limit;db connection limit
db_007,1592044500,0.02,0.01,0.01,0.0,0.0,0.0,0.0,98.41807,0.0,0.0,0.0,0.0,0.0,2.84,0.0,0.0,0.0,0.0,57.1,0.0,1.01,0.0,25.2,0.0,0.0,0.0,0.0,0.0,0.0,0.0,0.0,108.5,0.0,0.0,0.0,0.0,0.0,0.0,0.0,1.0,0.0,0.0,0.93,0.92,2261.9,1.2,506.92992999999996,306.86383,60.53253,51.51,0.0,0.0,0.0,0.0,0.0,0.0,0.0,0.0,0.0,0.0,1.0,0.0,0.0,0.0,0.0,0.0,61.0,1.37,1.37,0.0,0.0,0.0,0.0,0.0,0.0,0.0,6266.1,0.0,0.0,0.0,0.0,0.0,0.0,0.0,1.07,0.3,409.0,0.0,0.0,0.061,0.0,0.0,0.0,0.0,8.2,0.0,0.0,0.0,0.0,0.0,0.0,0.0,0.0,0.0,0.0,0.0,0.0,1.1,0.0,0.0,0.0,0.0,0.0,0.0,0.0,0.0,0.0,0.0,7.2224717000000025,890.0,7.2224717000000025,0.0,0.98651683,10.0,0,db connection limit;db connection limit
db_007,1592044560,0.02,0.0,0.0,0.0,0.0,0.0,0.0,97.63127,0.0,0.0,0.0,0.0,0.0,0.68,0.0,0.0,0.0,0.0,62.0,0.0,0.62,0.0,11.0,0.0,0.0,0.0,0.0,0.0,0.0,0.0,0.0,53.1,0.0,0.0,0.0,0.0,0.0,0.0,0.0,1.0,0.0,0.0,1.07,1.11,139.9,4.4,506.92992999999996,305.80295,60.32368,51.31,0.0,0.0,0.0,0.0,0.0,0.0,0.0,0.0,0.0,0.0,1.0,0.0,0.0,3.0,0.0,0.0,0.0,2.48,2.48,0.0,0.0,0.0,0.0,0.0,0.0,0.0,6168.8,0.0,0.0,0.0,0.0,0.0,0.0,0.0,0.79,0.1,419.0,0.0,0.0,0.026000000000000002,0.0,0.0,0.0,0.0,7.7,0.0,0.0,0.0,0.0,0.0,0.0,0.0,0.0,0.0,0.0,0.0,0.0,1.01,0.0,0.0,0.0,0.0,0.0,0.0,0.0,0.0,0.0,0.0,7.7127194,912.0,7.7127194,0.0,1.0,0.0,0,db connection limit;db connection limit
db_007,1592044620,0.02,0.0,0.02,0.0,0.0,0.0,0.0,98.57346,0.0,0.0,0.0,0.0,0.0,0.57,0.0,0.0,0.0,0.0,70.4,0.0,1.44,0.0,9.3,0.0,0.0,0.0,0.0,0.0,0.0,0.0,0.0,50.0,0.0,0.0,0.0,0.0,0.0,0.0,0.0,1.0,0.0,0.0,1.03,1.03,580.7,3.2,506.92992999999996,306.40924,60.44285,51.42,0.0,0.0,0.0,0.0,0.0,0.0,0.0,0.0,0.0,0.0,1.0,0.0,0.0,0.0,0.0,0.0,0.0,2.19,2.19,0.0,0.0,0.0,0.0,0.0,0.0,0.0,5871.3,0.0,0.0,0.0,0.0,0.0,0.0,0.0,0.98,0.1,404.0,0.0,0.0,0.022000000000000002,0.0,0.0,0.0,0.0,9.4,0.0,0.0,0.0,0.0,0.0,0.0,0.0,0.0,0.0,0.0,0.0,0.0,1.0,0.0,0.0,0.0,0.0,0.0,0.0,0.0,0.0,0.0,0.0,8.23967,968.0,8.23967,0.0,1.0,0.0,0,db connection limit;db connection limit
db_007,1592044680,0.02,0.0,0.0,0.0,5.89,0.0,0.0,98.91249,0.0,0.0,0.0,0.0,0.0,0.57,0.0,0.0,0.0,0.0,63.9,0.0,1.25,0.0,6.1,0.0,0.0,0.0,0.0,0.0,0.0,0.0,0.0,38.4,0.0,0.0,0.0,0.0,0.0,0.0,0.0,1.0,0.0,0.0,1.07,1.08,91.7,1.1,506.92992999999996,306.50943,60.46303,51.44,0.0,0.0,0.0,0.0,0.0,0.0,0.0,0.0,0.0,0.0,1.0,0.0,0.0,3.0,0.0,0.0,0.0,2.19,2.19,0.0,0.0,0.0,0.0,0.0,0.0,0.0,6197.1,0.0,0.0,0.0,0.0,0.0,0.0,0.0,0.89,0.1,405.0,0.0,0.0,0.015,0.0,0.0,0.0,0.0,9.0,0.0,0.0,0.0,0.0,0.0,0.0,0.0,0.0,0.0,0.0,0.0,0.0,1.01,0.0,0.0,0.0,0.0,0.0,0.0,0.0,0.0,0.0,0.0,6.7782426,956.0,6.7782426,0.0,1.0,0.0,0,db connection limit;db connection limit
db_007,1592044740,0.01,0.0,0.01,0.0,5.89,0.0,0.0,98.93074,0.0,0.0,0.0,0.0,0.0,0.79,0.0,0.0,0.0,0.0,48.2,0.0,1.4,0.0,7.6,0.0,0.0,0.0,0.0,0.0,0.0,0.0,0.0,33.1,0.0,0.0,0.0,0.0,0.0,0.0,0.0,1.0,0.0,0.0,1.07,1.12,78.1,1.1,506.92992999999996,306.5009,60.461243,51.44,0.0,0.0,0.0,0.0,0.0,0.0,0.0,0.0,0.0,0.0,1.0,0.0,0.0,0.0,0.0,0.0,0.0,2.18,2.18,0.0,0.0,0.0,0.0,0.0,0.0,0.0,6125.1,0.0,0.0,0.0,0.0,0.0,0.0,0.0,0.83,0.1,404.0,0.0,0.0,0.02,0.0,0.0,0.0,0.0,6.7,0.0,0.0,0.0,0.0,0.0,0.0,0.0,0.0,0.0,0.0,0.0,0.0,1.0,0.0,0.0,0.0,0.0,0.0,0.0,0.0,0.0,0.0,0.0,8.452103,856.0,8.452103,0.0,1.0,0.0,0,db connection limit;db connection limit
db_007,1592044800,0.02,0.0,0.0,0.0,0.0,0.0,0.0,98.79653,0.0,0.0,0.0,0.0,0.0,1.02,0.0,0.0,0.0,0.0,65.9,0.0,1.28,0.0,7.9,0.0,0.0,0.0,0.0,0.0,0.0,0.0,0.0,40.0,0.0,0.0,0.0,0.0,0.0,0.0,0.0,1.0,0.0,0.0,1.06,1.0,96.6,1.1,506.92992999999996,306.5499,60.47075,51.45,0.0,0.0,0.0,0.0,0.0,0.0,0.0,0.0,0.0,0.0,1.0,0.0,0.0,3.0,0.0,0.0,0.0,2.18,2.18,0.0,0.0,0.0,0.0,0.0,0.0,0.0,5787.2,0.0,0.0,0.0,0.0,0.0,0.0,0.0,0.86,0.1,404.0,0.0,0.0,0.02,0.0,0.0,0.0,0.0,9.7,0.0,0.0,0.0,0.0,0.0,0.0,0.0,0.0,0.0,0.0,0.0,0.0,1.03,0.0,0.0,0.0,0.0,0.0,0.0,0.0,0.0,0.0,0.0,7.798097,946.0,7.798097,0.0,1.0,0.0,0,db connection limit;db connection limit
db_009,1592044500,0.04,0.0,0.0,0.0,10.0,0.0,0.0,95.02238,0.0,0.0,0.0,0.0,0.0,4.75,0.0,0.0,0.0,0.0,431.7,0.0,0.0,0.0,199.7,0.0,0.0,0.0,0.0,0.0,0.0,0.0,0.0,182.9,0.0,0.0,0.0,0.0,0.0,0.0,0.0,1.0,0.0,0.0,0.34,0.65,807001.3,0.7,254.61033999999998,247.40842999999998,97.19124000000001,7.92,0.0,0.0,0.0,0.0,0.0,0.0,0.0,0.0,0.0,0.0,1.0,0.0,0.0,7.0,0.0,0.0,2842.2,12.14,12.14,0.0,0.0,0.0,0.0,0.0,0.0,0.0,3007.3,0.0,0.0,0.04,0.0,0.0,0.0,0.0,0.01,2.0,424.0,1965.0,0.0,0.47200000000000003,0.0,0.0,0.0,0.0,43.1,0.0,0.0,8.63,0.0,0.0,0.0,0.0,0.0,0.0,0.0,0.0,0.0,0.66,0.0,0.0,0.0,0.0,0.0,0.0,0.0,0.0,0.0,0.0,3.471692,6235.0,3.471692,0.0,1.0,10.0,0,db connection limit;db connection limit
db_009,1592044560,0.04,0.0,0.0,0.0,0.0,0.0,0.0,95.67524,0.0,0.0,0.0,0.0,0.0,5.11,0.0,0.0,0.0,0.0,415.9,0.0,0.0,0.0,189.7,0.0,0.0,0.0,0.0,0.0,0.0,0.0,0.0,170.9,0.0,0.0,0.0,0.0,0.0,0.0,0.0,1.0,0.0,0.0,0.33,0.6,797648.9,0.6,254.61033999999998,247.41293,97.1943,7.92,0.0,0.0,0.0,0.0,0.0,0.0,0.0,0.0,0.0,0.0,1.0,0.0,0.0,0.0,0.0,0.0,2.6,12.12,12.12,0.0,0.0,0.0,0.0,0.0,0.0,0.0,1684.0,0.0,0.0,0.0,0.0,0.0,0.0,0.0,0.01,1.9,423.0,0.0,0.0,0.449,0.0,0.0,0.0,0.0,42.7,0.0,0.0,0.0,0.0,0.0,0.0,0.0,0.0,0.0,0.0,0.0,0.0,0.63,0.0,0.0,0.0,0.0,0.0,0.0,0.0,0.0,0.0,0.0,3.7526193,6395.0,3.7526193,0.0,1.0,10.0,0,db connection limit;db connection limit
db_009,1592044620,0.04,0.0,0.02,0.0,0.0,0.0,0.0,95.687225,0.0,0.0,0.0,0.0,0.0,4.73,0.0,0.0,0.0,0.0,421.9,0.0,0.0,0.0,207.3,0.0,0.0,0.0,0.0,0.0,0.0,0.0,0.0,175.1,0.0,0.0,0.0,0.0,0.0,0.0,0.0,1.0,0.0,0.0,0.32,0.56,797350.8,0.7,254.61033999999998,247.41422999999998,97.199,7.92,0.0,0.0,0.0,0.0,0.0,0.0,0.0,0.0,0.0,0.0,1.0,0.0,0.0,7.0,0.0,0.0,3.1,12.12,12.12,0.0,0.0,0.0,0.0,0.0,0.0,0.0,1837.4,0.0,0.0,0.0,0.0,0.0,0.0,0.0,0.0,2.1,423.0,1965.0,0.0,0.489,0.0,0.0,0.0,0.0,42.8,0.0,0.0,8.63,0.0,0.0,0.0,0.0,0.0,0.0,0.0,0.0,0.0,0.65,0.0,0.0,0.0,0.0,0.0,0.0,0.0,0.0,0.0,0.0,3.343953,6780.0,3.343953,0.0,1.0,10.0,0,db connection limit;db connection limit
db_009,1592044680,0.04,0.0,0.0,0.0,10.0,0.0,0.0,95.674934,0.0,0.0,0.0,0.0,0.0,4.27,0.0,0.0,0.0,0.0,435.8,0.0,0.0,0.0,186.4,0.0,0.0,0.0,0.0,0.0,0.0,0.0,0.0,179.4,0.0,0.0,0.0,0.0,0.0,0.0,0.0,1.0,0.0,0.0,0.32,0.59,797964.7,0.5,254.61033999999998,247.42857,97.17882,7.92,0.0,0.0,0.0,0.0,0.0,0.0,0.0,0.0,0.0,0.0,1.0,0.0,0.0,0.0,0.0,0.0,2.6,12.16,12.16,0.0,0.0,0.0,0.0,0.0,0.0,0.0,1524.0,0.0,0.0,0.0,0.0,0.0,0.0,0.0,0.02,1.9,423.0,0.0,0.0,0.44,0.0,0.0,0.0,0.0,43.3,0.0,0.0,0.0,0.0,0.0,0.0,0.0,0.0,0.0,0.0,0.0,0.0,0.63,0.0,0.0,0.0,0.0,0.0,0.0,0.0,0.0,0.0,0.0,3.2080035,6697.0,3.2080035,0.0,1.0,0.0,0,db connection limit;db connection limit
db_009,1592044740,0.04,0.0,0.02,0.0,0.0,0.0,0.0,95.66588,0.0,0.0,0.0,0.0,0.0,4.81,0.0,0.0,0.0,0.0,438.0,0.0,0.0,0.0,193.2,0.0,0.0,0.0,0.0,0.0,0.0,0.0,0.0,182.7,0.0,0.0,0.0,0.0,0.0,0.0,0.0,1.0,0.0,0.0,0.33,0.61,798848.7,0.7,254.61033999999998,247.42212999999998,97.19634,7.92,0.0,0.0,0.0,0.0,0.0,0.0,0.0,0.0,0.0,0.0,1.0,0.0,0.0,7.0,0.0,0.0,2.6,12.12,12.12,0.0,0.0,0.0,0.0,0.0,0.0,0.0,1814.7,0.0,0.0,0.0,0.0,0.0,0.0,0.0,0.01,1.9,425.0,1965.0,0.0,0.45399999999999996,0.0,0.0,0.0,0.0,43.4,0.0,0.0,8.63,0.0,0.0,0.0,0.0,0.0,0.0,0.0,0.0,0.0,0.64,0.0,0.0,0.0,0.0,0.0,0.0,0.0,0.0,0.0,0.0,4.4001665,6000.0,4.4001665,0.0,1.0,0.0,0,db connection limit;db connection limit
db_009,1592044800,0.03,0.0,0.0,0.0,10.0,0.0,0.0,95.69066,0.0,0.0,0.0,0.0,0.0,3.94,0.0,0.0,0.0,0.0,406.8,0.0,0.0,0.0,188.8,0.0,0.0,0.0,0.0,0.0,0.0,0.0,0.0,166.8,0.0,0.0,0.0,0.0,0.0,0.0,0.0,1.0,0.0,0.0,0.32,0.66,797563.3,0.6,254.61033999999998,247.41662999999997,97.17395,7.92,0.0,0.0,0.0,0.0,0.0,0.0,0.0,0.0,0.0,0.0,1.0,0.0,0.0,0.0,0.0,0.0,2.6,12.12,12.12,0.0,0.0,0.0,0.0,0.0,0.0,0.0,1627.9,0.0,0.0,0.0,0.0,0.0,0.0,0.0,0.01,1.9,423.0,0.0,0.0,0.447,0.0,0.0,0.0,0.0,42.3,0.0,0.0,0.0,0.0,0.0,0.0,0.0,0.0,0.0,0.0,0.0,0.0,0.63,0.0,0.0,0.0,0.0,0.0,0.0,0.0,0.0,0.0,0.0,4.0252075,6625.0,4.0252075,0.0,1.0,0.0,0,db connection limit;db connection limit
docker_001,1592044500,0.0,0.0,0.0,0.0,0.0,0.0,0.0,0.0,0.0,0.0,0.0,0.0,0.0,0.0,0.0,0.0,0.0,0.0,0.0,0.0,0.0,0.0,0.0,0.0,0.0,0.0,0.0,0.0,0.0,0.0,0.0,0.0,0.0,0.0,0.0,0.0,0.0,0.0,0.0,0.0,0.0,0.0,0.0,0.0,0.0,0.0,0.0,0.0,0.0,0.0,0.0,0.0,0.0,0.0,0.0,0.0,0.0,0.0,0.0,0.0,0.0,0.0,0.0,0.0,0.0,0.0,0.0,0.0,0.0,0.0,0.0,0.0,0.0,0.0,0.0,0.0,0.0,0.0,0.0,0.0,0.0,0.0,0.0,0.0,0.0,0.0,0.0,0.0,0.0,0.0,0.0,0.0,0.0,0.0,0.0,0.0,0.0,0.0,0.0,0.0,0.0,0.0,0.0,0.0,0.0,0.0,0.0,0.0,0.0,38.0,0.0,0.0,33.0,0.0,0.0,0.0,0.0,0.0,64.639984,2386.0,21.126991,0.0,0.9958089,0.0,0,db connection limit;db connection limit
docker_001,1592044560,0.0,0.0,0.0,0.0,0.0,0.0,0.0,0.0,0.0,0.0,0.0,0.0,0.0,0.0,0.0,0.0,0.0,0.0,0.0,0.0,0.0,0.0,0.0,0.0,0.0,0.0,0.0,0.0,0.0,0.0,0.0,0.0,0.0,0.0,0.0,0.0,0.0,0.0,0.0,0.0,0.0,0.0,0.0,0.0,0.0,0.0,0.0,0.0,0.0,0.0,0.0,0.0,0.0,0.0,0.0,0.0,0.0,0.0,0.0,0.0,0.0,0.0,0.0,0.0,0.0,0.0,0.0,0.0,0.0,0.0,0.0,0.0,0.0,0.0,0.0,0.0,0.0,0.0,0.0,0.0,0.0,0.0,0.0,0.0,0.0,0.0,0.0,0.0,0.0,0.0,0.0,0.0,0.0,0.0,0.0,0.0,0.0,0.0,0.0,0.0,0.0,0.0,0.0,0.0,0.0,0.0,0.0,0.0,0.0,72.0,0.0,0.0,33.0,0.0,0.0,0.0,0.0,0.0,45.94208,2400.0,15.3475,0.0,1.0,0.0,0,db connection limit;db connection limit
docker_001,1592044620,0.0,0.0,0.0,0.0,0.0,0.0,0.0,0.0,0.0,0.0,0.0,0.0,0.0,0.0,0.0,0.0,0.0,0.0,0.0,0.0,0.0,0.0,0.0,0.0,0.0,0.0,0.0,0.0,0.0,0.0,0.0,0.0,0.0,0.0,0.0,0.0,0.0,0.0,0.0,0.0,0.0,0.0,0.0,0.0,0.0,0.0,0.0,0.0,0.0,0.0,0.0,0.0,0.0,0.0,0.0,0.0,0.0,0.0,0.0,0.0,0.0,0.0,0.0,0.0,0.0,0.0,0.0,0.0,0.0,0.0,0.0,0.0,0.0,0.0,0.0,0.0,0.0,0.0,0.0,0.0,0.0,0.0,0.0,0.0,0.0,0.0,0.0,0.0,0.0,0.0,0.0,0.0,0.0,0.0,0.0,0.0,0.0,0.0,0.0,0.0,0.0,0.0,0.0,0.0,0.0,0.0,0.0,0.0,0.0,86.0,0.0,0.0,33.0,0.0,0.0,0.0,0.0,0.0,52.50404399999999,2720.0,16.315073,0.0,1.0,0.0,0,db connection limit;db connection limit
docker_001,1592044680,0.0,0.0,0.0,0.0,0.0,0.0,0.0,0.0,0.0,0.0,0.0,0.0,0.0,0.0,0.0,0.0,0.0,0.0,0.0,0.0,0.0,0.0,0.0,0.0,0.0,0.0,0.0,0.0,0.0,0.0,0.0,0.0,0.0,0.0,0.0,0.0,0.0,0.0,0.0,0.0,0.0,0.0,0.0,0.0,0.0,0.0,0.0,0.0,0.0,0.0,0.0,0.0,0.0,0.0,0.0,0.0,0.0,0.0,0.0,0.0,0.0,0.0,0.0,0.0,0.0,0.0,0.0,0.0,0.0,0.0,0.0,0.0,0.0,0.0,0.0,0.0,0.0,0.0,0.0,0.0,0.0,0.0,0.0,0.0,0.0,0.0,0.0,0.0,0.0,0.0,0.0,0.0,0.0,0.0,0.0,0.0,0.0,0.0,0.0,0.0,0.0,0.0,0.0,0.0,0.0,0.0,0.0,0.0,0.0,57.0,0.0,0.0,33.0,0.0,0.0,0.0,0.0,0.0,32.96818,2420.0,9.73967,0.0,1.0,0.0,0,db connection limit;db connection limit
docker_001,1592044740,0.0,0.0,0.0,0.0,0.0,0.0,0.0,0.0,0.0,0.0,0.0,0.0,0.0,0.0,0.0,0.0,0.0,0.0,0.0,0.0,0.0,0.0,0.0,0.0,0.0,0.0,0.0,0.0,0.0,0.0,0.0,0.0,0.0,0.0,0.0,0.0,0.0,0.0,0.0,0.0,0.0,0.0,0.0,0.0,0.0,0.0,0.0,0.0,0.0,0.0,0.0,0.0,0.0,0.0,0.0,0.0,0.0,0.0,0.0,0.0,0.0,0.0,0.0,0.0,0.0,0.0,0.0,0.0,0.0,0.0,0.0,0.0,0.0,0.0,0.0,0.0,0.0,0.0,0.0,0.0,0.0,0.0,0.0,0.0,0.0,0.0,0.0,0.0,0.0,0.0,0.0,0.0,0.0,0.0,0.0,0.0,0.0,0.0,0.0,0.0,0.0,0.0,0.0,0.0,0.0,0.0,0.0,0.0,0.0,27.0,0.0,0.0,34.0,0.0,0.0,0.0,0.0,0.0,43.793056,2160.0,13.820832999999999,0.0,1.0,0.0,0,db connection limit;db connection limit
docker_001,1592044800,0.0,0.0,0.0,0.0,0.0,0.0,0.0,0.0,0.0,0.0,0.0,0.0,0.0,0.0,0.0,0.0,0.0,0.0,0.0,0.0,0.0,0.0,0.0,0.0,0.0,0.0,0.0,0.0,0.0,0.0,0.0,0.0,0.0,0.0,0.0,0.0,0.0,0.0,0.0,0.0,0.0,0.0,0.0,0.0,0.0,0.0,0.0,0.0,0.0,0.0,0.0,0.0,0.0,0.0,0.0,0.0,0.0,0.0,0.0,0.0,0.0,0.0,0.0,0.0,0.0,0.0,0.0,0.0,0.0,0.0,0.0,0.0,0.0,0.0,0.0,0.0,0.0,0.0,0.0,0.0,0.0,0.0,0.0,0.0,0.0,0.0,0.0,0.0,0.0,0.0,0.0,0.0,0.0,0.0,0.0,0.0,0.0,0.0,0.0,0.0,0.0,0.0,0.0,0.0,0.0,0.0,0.0,0.0,0.0,84.0,0.0,0.0,34.0,0.0,0.0,0.0,0.0,0.0,43.319828,2320.0,13.156897,0.0,1.0,0.0,0,db connection limit;db connection limit
docker_002,1592044500,0.0,0.0,0.0,0.0,0.0,0.0,0.0,0.0,0.0,0.0,0.0,0.0,0.0,0.0,0.0,0.0,0.0,0.0,0.0,0.0,0.0,0.0,0.0,0.0,0.0,0.0,0.0,0.0,0.0,0.0,0.0,0.0,0.0,0.0,0.0,0.0,0.0,0.0,0.0,0.0,0.0,0.0,0.0,0.0,0.0,0.0,0.0,0.0,0.0,0.0,0.0,0.0,0.0,0.0,0.0,0.0,0.0,0.0,0.0,0.0,0.0,0.0,0.0,0.0,0.0,0.0,0.0,0.0,0.0,0.0,0.0,0.0,0.0,0.0,0.0,0.0,0.0,0.0,0.0,0.0,0.0,0.0,0.0,0.0,0.0,0.0,0.0,0.0,0.0,0.0,0.0,0.0,0.0,0.0,0.0,0.0,0.0,0.0,0.0,0.0,0.0,0.0,0.0,0.0,0.0,0.0,0.0,0.0,0.0,2.0,0.0,0.0,33.0,0.0,0.0,0.0,0.0,0.0,60.765823,2054.0,20.755598000000006,0.0,0.99756575,0.0,0,db connection limit;db connection limit
docker_002,1592044560,0.0,0.0,0.0,0.0,0.0,0.0,0.0,0.0,0.0,0.0,0.0,0.0,0.0,0.0,0.0,0.0,0.0,0.0,0.0,0.0,0.0,0.0,0.0,0.0,0.0,0.0,0.0,0.0,0.0,0.0,0.0,0.0,0.0,0.0,0.0,0.0,0.0,0.0,0.0,0.0,0.0,0.0,0.0,0.0,0.0,0.0,0.0,0.0,0.0,0.0,0.0,0.0,0.0,0.0,0.0,0.0,0.0,0.0,0.0,0.0,0.0,0.0,0.0,0.0,0.0,0.0,0.0,0.0,0.0,0.0,0.0,0.0,0.0,0.0,0.0,0.0,0.0,0.0,0.0,0.0,0.0,0.0,0.0,0.0,0.0,0.0,0.0,0.0,0.0,0.0,0.0,0.0,0.0,0.0,0.0,0.0,0.0,0.0,0.0,0.0,0.0,0.0,0.0,0.0,0.0,0.0,0.0,0.0,0.0,2.0,0.0,0.0,33.0,0.0,0.0,0.0,0.0,0.0,66.769196,2240.0,24.89241,0.0,1.0,0.0,0,db connection limit;db connection limit
docker_002,1592044620,0.0,0.0,0.0,0.0,0.0,0.0,0.0,0.0,0.0,0.0,0.0,0.0,0.0,0.0,0.0,0.0,0.0,0.0,0.0,0.0,0.0,0.0,0.0,0.0,0.0,0.0,0.0,0.0,0.0,0.0,0.0,0.0,0.0,0.0,0.0,0.0,0.0,0.0,0.0,0.0,0.0,0.0,0.0,0.0,0.0,0.0,0.0,0.0,0.0,0.0,0.0,0.0,0.0,0.0,0.0,0.0,0.0,0.0,0.0,0.0,0.0,0.0,0.0,0.0,0.0,0.0,0.0,0.0,0.0,0.0,0.0,0.0,0.0,0.0,0.0,0.0,0.0,0.0,0.0,0.0,0.0,0.0,0.0,0.0,0.0,0.0,0.0,0.0,0.0,0.0,0.0,0.0,0.0,0.0,0.0,0.0,0.0,0.0,0.0,0.0,0.0,0.0,0.0,0.0,0.0,0.0,0.0,0.0,0.0,3.0,0.0,0.0,33.0,0.0,0.0,0.0,0.0,0.0,47.076923,2080.0,14.5427885,0.0,1.0,0.0,0,db connection limit;db connection limit
docker_002,1592044680,0.0,0.0,0.0,0.0,0.0,0.0,0.0,0.0,0.0,0.0,0.0,0.0,0.0,0.0,0.0,0.0,0.0,0.0,0.0,0.0,0.0,0.0,0.0,0.0,0.0,0.0,0.0,0.0,0.0,0.0,0.0,0.0,0.0,0.0,0.0,0.0,0.0,0.0,0.0,0.0,0.0,0.0,0.0,0.0,0.0,0.0,0.0,0.0,0.0,0.0,0.0,0.0,0.0,0.0,0.0,0.0,0.0,0.0,0.0,0.0,0.0,0.0,0.0,0.0,0.0,0.0,0.0,0.0,0.0,0.0,0.0,0.0,0.0,0.0,0.0,0.0,0.0,0.0,0.0,0.0,0.0,0.0,0.0,0.0,0.0,0.0,0.0,0.0,0.0,0.0,0.0,0.0,0.0,0.0,0.0,0.0,0.0,0.0,0.0,0.0,0.0,0.0,0.0,0.0,0.0,0.0,0.0,0.0,0.0,2.0,0.0,0.0,34.0,0.0,0.0,0.0,0.0,0.0,63.068909999999995,2380.0,24.281933,0.0,1.0,0.0,0,db connection limit;db connection limit
docker_002,1592044740,0.0,0.0,0.0,0.0,0.0,0.0,0.0,0.0,0.0,0.0,0.0,0.0,0.0,0.0,0.0,0.0,0.0,0.0,0.0,0.0,0.0,0.0,0.0,0.0,0.0,0.0,0.0,0.0,0.0,0.0,0.0,0.0,0.0,0.0,0.0,0.0,0.0,0.0,0.0,0.0,0.0,0.0,0.0,0.0,0.0,0.0,0.0,0.0,0.0,0.0,0.0,0.0,0.0,0.0,0.0,0.0,0.0,0.0,0.0,0.0,0.0,0.0,0.0,0.0,0.0,0.0,0.0,0.0,0.0,0.0,0.0,0.0,0.0,0.0,0.0,0.0,0.0,0.0,0.0,0.0,0.0,0.0,0.0,0.0,0.0,0.0,0.0,0.0,0.0,0.0,0.0,0.0,0.0,0.0,0.0,0.0,0.0,0.0,0.0,0.0,0.0,0.0,0.0,0.0,0.0,0.0,0.0,0.0,0.0,2.0,0.0,0.0,34.0,0.0,0.0,0.0,0.0,0.0,141.45602,2160.0,63.52176,0.0,1.0,0.0,0,db connection limit;db connection limit
docker_002,1592044800,0.0,0.0,0.0,0.0,0.0,0.0,0.0,0.0,0.0,0.0,0.0,0.0,0.0,0.0,0.0,0.0,0.0,0.0,0.0,0.0,0.0,0.0,0.0,0.0,0.0,0.0,0.0,0.0,0.0,0.0,0.0,0.0,0.0,0.0,0.0,0.0,0.0,0.0,0.0,0.0,0.0,0.0,0.0,0.0,0.0,0.0,0.0,0.0,0.0,0.0,0.0,0.0,0.0,0.0,0.0,0.0,0.0,0.0,0.0,0.0,0.0,0.0,0.0,0.0,0.0,0.0,0.0,0.0,0.0,0.0,0.0,0.0,0.0,0.0,0.0,0.0,0.0,0.0,0.0,0.0,0.0,0.0,0.0,0.0,0.0,0.0,0.0,0.0,0.0,0.0,0.0,0.0,0.0,0.0,0.0,0.0,0.0,0.0,0.0,0.0,0.0,0.0,0.0,0.0,0.0,0.0,0.0,0.0,0.0,3.0,0.0,0.0,34.0,0.0,0.0,0.0,0.0,0.0,51.9911,2360.0,17.655085,0.0,1.0,0.0,0,db connection limit;db connection limit
docker_003,1592044500,0.0,0.0,0.0,0.0,0.0,0.0,0.0,0.0,0.0,0.0,0.0,0.0,0.0,0.0,0.0,0.0,0.0,0.0,0.0,0.0,0.0,0.0,0.0,0.0,0.0,0.0,0.0,0.0,0.0,0.0,0.0,0.0,0.0,0.0,0.0,0.0,0.0,0.0,0.0,0.0,0.0,0.0,0.0,0.0,0.0,0.0,0.0,0.0,0.0,0.0,0.0,0.0,0.0,0.0,0.0,0.0,0.0,0.0,0.0,0.0,0.0,0.0,0.0,0.0,0.0,0.0,0.0,0.0,0.0,0.0,0.0,0.0,0.0,0.0,0.0,0.0,0.0,0.0,0.0,0.0,0.0,0.0,0.0,0.0,0.0,0.0,0.0,0.0,0.0,0.0,0.0,0.0,0.0,0.0,0.0,0.0,0.0,0.0,0.0,0.0,0.0,0.0,0.0,0.0,0.0,0.0,0.0,0.0,0.0,3.0,0.0,0.0,34.0,0.0,0.0,0.0,0.0,0.0,77.38661,2540.0,30.868109999999998,0.0,0.9980315000000001,0.0,0,db connection limit;db connection limit
docker_003,1592044560,0.0,0.0,0.0,0.0,0.0,0.0,0.0,0.0,0.0,0.0,0.0,0.0,0.0,0.0,0.0,0.0,0.0,0.0,0.0,0.0,0.0,0.0,0.0,0.0,0.0,0.0,0.0,0.0,0.0,0.0,0.0,0.0,0.0,0.0,0.0,0.0,0.0,0.0,0.0,0.0,0.0,0.0,0.0,0.0,0.0,0.0,0.0,0.0,0.0,0.0,0.0,0.0,0.0,0.0,0.0,0.0,0.0,0.0,0.0,0.0,0.0,0.0,0.0,0.0,0.0,0.0,0.0,0.0,0.0,0.0,0.0,0.0,0.0,0.0,0.0,0.0,0.0,0.0,0.0,0.0,0.0,0.0,0.0,0.0,0.0,0.0,0.0,0.0,0.0,0.0,0.0,0.0,0.0,0.0,0.0,0.0,0.0,0.0,0.0,0.0,0.0,0.0,0.0,0.0,0.0,0.0,0.0,0.0,0.0,11.0,0.0,0.0,34.0,0.0,0.0,0.0,0.0,0.0,82.06116999999998,2354.0,31.538233,0.0,0.9983008,0.0,0,db connection limit;db connection limit
docker_003,1592044620,0.0,0.0,0.0,0.0,0.0,0.0,0.0,0.0,0.0,0.0,0.0,0.0,0.0,0.0,0.0,0.0,0.0,0.0,0.0,0.0,0.0,0.0,0.0,0.0,0.0,0.0,0.0,0.0,0.0,0.0,0.0,0.0,0.0,0.0,0.0,0.0,0.0,0.0,0.0,0.0,0.0,0.0,0.0,0.0,0.0,0.0,0.0,0.0,0.0,0.0,0.0,0.0,0.0,0.0,0.0,0.0,0.0,0.0,0.0,0.0,0.0,0.0,0.0,0.0,0.0,0.0,0.0,0.0,0.0,0.0,0.0,0.0,0.0,0.0,0.0,0.0,0.0,0.0,0.0,0.0,0.0,0.0,0.0,0.0,0.0,0.0,0.0,0.0,0.0,0.0,0.0,0.0,0.0,0.0,0.0,0.0,0.0,0.0,0.0,0.0,0.0,0.0,0.0,0.0,0.0,0.0,0.0,0.0,0.0,2.5,0.0,0.0,34.0,0.0,0.0,0.0,0.0,0.0,61.013023,2380.0,20.291176,0.0,1.0,0.0,0,db connection limit;db connection limit
docker_003,1592044680,0.0,0.0,0.0,0.0,0.0,0.0,0.0,0.0,0.0,0.0,0.0,0.0,0.0,0.0,0.0,0.0,0.0,0.0,0.0,0.0,0.0,0.0,0.0,0.0,0.0,0.0,0.0,0.0,0.0,0.0,0.0,0.0,0.0,0.0,0.0,0.0,0.0,0.0,0.0,0.0,0.0,0.0,0.0,0.0,0.0,0.0,0.0,0.0,0.0,0.0,0.0,0.0,0.0,0.0,0.0,0.0,0.0,0.0,0.0,0.0,0.0,0.0,0.0,0.0,0.0,0.0,0.0,0.0,0.0,0.0,0.0,0.0,0.0,0.0,0.0,0.0,0.0,0.0,0.0,0.0,0.0,0.0,0.0,0.0,0.0,0.0,0.0,0.0,0.0,0.0,0.0,0.0,0.0,0.0,0.0,0.0,0.0,0.0,0.0,0.0,0.0,0.0,0.0,0.0,0.0,0.0,0.0,0.0,0.0,0.0,0.0,0.0,0.0,0.0,0.0,0.0,0.0,0.0,88.43954000000002,2580.0,34.258915,0.0,1.0,0.0,0,db connection limit;db connection limit
docker_003,1592044740,0.0,0.0,0.0,0.0,0.0,0.0,0.0,0.0,0.0,0.0,0.0,0.0,0.0,0.0,0.0,0.0,0.0,0.0,0.0,0.0,0.0,0.0,0.0,0.0,0.0,0.0,0.0,0.0,0.0,0.0,0.0,0.0,0.0,0.0,0.0,0.0,0.0,0.0,0.0,0.0,0.0,0.0,0.0,0.0,0.0,0.0,0.0,0.0,0.0,0.0,0.0,0.0,0.0,0.0,0.0,0.0,0.0,0.0,0.0,0.0,0.0,0.0,0.0,0.0,0.0,0.0,0.0,0.0,0.0,0.0,0.0,0.0,0.0,0.0,0.0,0.0,0.0,0.0,0.0,0.0,0.0,0.0,0.0,0.0,0.0,0.0,0.0,0.0,0.0,0.0,0.0,0.0,0.0,0.0,0.0,0.0,0.0,0.0,0.0,0.0,0.0,0.0,0.0,0.0,0.0,0.0,0.0,0.0,0.0,4.0,0.0,0.0,34.0,0.0,0.0,0.0,0.0,0.0,67.458336,2520.0,24.133333,0.0,1.0,0.0,0,db connection limit;db connection limit
docker_003,1592044800,0.0,0.0,0.0,0.0,0.0,0.0,0.0,0.0,0.0,0.0,0.0,0.0,0.0,0.0,0.0,0.0,0.0,0.0,0.0,0.0,0.0,0.0,0.0,0.0,0.0,0.0,0.0,0.0,0.0,0.0,0.0,0.0,0.0,0.0,0.0,0.0,0.0,0.0,0.0,0.0,0.0,0.0,0.0,0.0,0.0,0.0,0.0,0.0,0.0,0.0,0.0,0.0,0.0,0.0,0.0,0.0,0.0,0.0,0.0,0.0,0.0,0.0,0.0,0.0,0.0,0.0,0.0,0.0,0.0,0.0,0.0,0.0,0.0,0.0,0.0,0.0,0.0,0.0,0.0,0.0,0.0,0.0,0.0,0.0,0.0,0.0,0.0,0.0,0.0,0.0,0.0,0.0,0.0,0.0,0.0,0.0,0.0,0.0,0.0,0.0,0.0,0.0,0.0,0.0,0.0,0.0,0.0,0.0,0.0,14.0,0.0,0.0,34.0,0.0,0.0,0.0,0.0,0.0,85.28125,2400.0,30.957083,0.0,1.0,0.0,0,db connection limit;db connection limit
docker_004,1592044500,0.0,0.0,0.0,0.0,0.0,0.0,0.0,0.0,0.0,0.0,0.0,0.0,0.0,0.0,0.0,0.0,0.0,0.0,0.0,0.0,0.0,0.0,0.0,0.0,0.0,0.0,0.0,0.0,0.0,0.0,0.0,0.0,0.0,0.0,0.0,0.0,0.0,0.0,0.0,0.0,0.0,0.0,0.0,0.0,0.0,0.0,0.0,0.0,0.0,0.0,0.0,0.0,0.0,0.0,0.0,0.0,0.0,0.0,0.0,0.0,0.0,0.0,0.0,0.0,0.0,0.0,0.0,0.0,0.0,0.0,0.0,0.0,0.0,0.0,0.0,0.0,0.0,0.0,0.0,0.0,0.0,0.0,0.0,0.0,0.0,0.0,0.0,0.0,0.0,0.0,0.0,0.0,0.0,0.0,0.0,0.0,0.0,0.0,0.0,0.0,0.0,0.0,0.0,0.0,0.0,0.0,0.0,0.0,0.0,2.0,0.0,0.0,33.0,0.0,0.0,0.0,0.0,0.0,39.14725,1983.0,11.485628,0.0,0.99899143,0.0,0,db connection limit;db connection limit
docker_004,1592044560,0.0,0.0,0.0,0.0,0.0,0.0,0.0,0.0,0.0,0.0,0.0,0.0,0.0,0.0,0.0,0.0,0.0,0.0,0.0,0.0,0.0,0.0,0.0,0.0,0.0,0.0,0.0,0.0,0.0,0.0,0.0,0.0,0.0,0.0,0.0,0.0,0.0,0.0,0.0,0.0,0.0,0.0,0.0,0.0,0.0,0.0,0.0,0.0,0.0,0.0,0.0,0.0,0.0,0.0,0.0,0.0,0.0,0.0,0.0,0.0,0.0,0.0,0.0,0.0,0.0,0.0,0.0,0.0,0.0,0.0,0.0,0.0,0.0,0.0,0.0,0.0,0.0,0.0,0.0,0.0,0.0,0.0,0.0,0.0,0.0,0.0,0.0,0.0,0.0,0.0,0.0,0.0,0.0,0.0,0.0,0.0,0.0,0.0,0.0,0.0,0.0,0.0,0.0,0.0,0.0,0.0,0.0,0.0,0.0,2.0,0.0,0.0,33.0,0.0,0.0,0.0,0.0,0.0,79.82828,2143.0,30.419039,0.0,0.99953336,0.0,0,db connection limit;db connection limit
docker_004,1592044620,0.0,0.0,0.0,0.0,0.0,0.0,0.0,0.0,0.0,0.0,0.0,0.0,0.0,0.0,0.0,0.0,0.0,0.0,0.0,0.0,0.0,0.0,0.0,0.0,0.0,0.0,0.0,0.0,0.0,0.0,0.0,0.0,0.0,0.0,0.0,0.0,0.0,0.0,0.0,0.0,0.0,0.0,0.0,0.0,0.0,0.0,0.0,0.0,0.0,0.0,0.0,0.0,0.0,0.0,0.0,0.0,0.0,0.0,0.0,0.0,0.0,0.0,0.0,0.0,0.0,0.0,0.0,0.0,0.0,0.0,0.0,0.0,0.0,0.0,0.0,0.0,0.0,0.0,0.0,0.0,0.0,0.0,0.0,0.0,0.0,0.0,0.0,0.0,0.0,0.0,0.0,0.0,0.0,0.0,0.0,0.0,0.0,0.0,0.0,0.0,0.0,0.0,0.0,0.0,0.0,0.0,0.0,0.0,0.0,4.0,0.0,0.0,33.0,0.0,0.0,0.0,0.0,0.0,74.36399999999998,2500.0,26.2468,0.0,1.0,0.0,0,db connection limit;db connection limit
docker_004,1592044680,0.0,0.0,0.0,0.0,0.0,0.0,0.0,0.0,0.0,0.0,0.0,0.0,0.0,0.0,0.0,0.0,0.0,0.0,0.0,0.0,0.0,0.0,0.0,0.0,0.0,0.0,0.0,0.0,0.0,0.0,0.0,0.0,0.0,0.0,0.0,0.0,0.0,0.0,0.0,0.0,0.0,0.0,0.0,0.0,0.0,0.0,0.0,0.0,0.0,0.0,0.0,0.0,0.0,0.0,0.0,0.0,0.0,0.0,0.0,0.0,0.0,0.0,0.0,0.0,0.0,0.0,0.0,0.0,0.0,0.0,0.0,0.0,0.0,0.0,0.0,0.0,0.0,0.0,0.0,0.0,0.0,0.0,0.0,0.0,0.0,0.0,0.0,0.0,0.0,0.0,0.0,0.0,0.0,0.0,0.0,0.0,0.0,0.0,0.0,0.0,0.0,0.0,0.0,0.0,0.0,0.0,0.0,0.0,0.0,10.0,0.0,0.0,33.0,0.0,0.0,0.0,0.0,0.0,49.081192,2180.0,15.36101,0.0,1.0,0.0,0,db connection limit;db connection limit
docker_004,1592044740,0.0,0.0,0.0,0.0,0.0,0.0,0.0,0.0,0.0,0.0,0.0,0.0,0.0,0.0,0.0,0.0,0.0,0.0,0.0,0.0,0.0,0.0,0.0,0.0,0.0,0.0,0.0,0.0,0.0,0.0,0.0,0.0,0.0,0.0,0.0,0.0,0.0,0.0,0.0,0.0,0.0,0.0,0.0,0.0,0.0,0.0,0.0,0.0,0.0,0.0,0.0,0.0,0.0,0.0,0.0,0.0,0.0,0.0,0.0,0.0,0.0,0.0,0.0,0.0,0.0,0.0,0.0,0.0,0.0,0.0,0.0,0.0,0.0,0.0,0.0,0.0,0.0,0.0,0.0,0.0,0.0,0.0,0.0,0.0,0.0,0.0,0.0,0.0,0.0,0.0,0.0,0.0,0.0,0.0,0.0,0.0,0.0,0.0,0.0,0.0,0.0,0.0,0.0,0.0,0.0,0.0,0.0,0.0,0.0,2.0,0.0,0.0,33.0,0.0,0.0,0.0,0.0,0.0,58.709885,1720.0,20.826744,0.0,1.0,0.0,0,db connection limit;db connection limit
docker_004,1592044800,0.0,0.0,0.0,0.0,0.0,0.0,0.0,0.0,0.0,0.0,0.0,0.0,0.0,0.0,0.0,0.0,0.0,0.0,0.0,0.0,0.0,0.0,0.0,0.0,0.0,0.0,0.0,0.0,0.0,0.0,0.0,0.0,0.0,0.0,0.0,0.0,0.0,0.0,0.0,0.0,0.0,0.0,0.0,0.0,0.0,0.0,0.0,0.0,0.0,0.0,0.0,0.0,0.0,0.0,0.0,0.0,0.0,0.0,0.0,0.0,0.0,0.0,0.0,0.0,0.0,0.0,0.0,0.0,0.0,0.0,0.0,0.0,0.0,0.0,0.0,0.0,0.0,0.0,0.0,0.0,0.0,0.0,0.0,0.0,0.0,0.0,0.0,0.0,0.0,0.0,0.0,0.0,0.0,0.0,0.0,0.0,0.0,0.0,0.0,0.0,0.0,0.0,0.0,0.0,0.0,0.0,0.0,0.0,0.0,75.0,0.0,0.0,33.0,0.0,0.0,0.0,0.0,0.0,87.39243,2380.0,34.57983,0.0,1.0,0.0,0,db connection limit;db connection limit
docker_005,1592044500,0.0,0.0,0.0,0.0,0.0,0.0,0.0,0.0,0.0,0.0,0.0,0.0,0.0,0.0,0.0,0.0,0.0,0.0,0.0,0.0,0.0,0.0,0.0,0.0,0.0,0.0,0.0,0.0,0.0,0.0,0.0,0.0,0.0,0.0,0.0,0.0,0.0,0.0,0.0,0.0,0.0,0.0,0.0,0.0,0.0,0.0,0.0,0.0,0.0,0.0,0.0,0.0,0.0,0.0,0.0,0.0,0.0,0.0,0.0,0.0,0.0,0.0,0.0,0.0,0.0,0.0,0.0,0.0,0.0,0.0,0.0,0.0,0.0,0.0,0.0,0.0,0.0,0.0,0.0,0.0,0.0,0.0,0.0,0.0,0.0,0.0,0.0,0.0,0.0,0.0,0.0,0.0,0.0,0.0,0.0,0.0,0.0,0.0,0.0,0.0,0.0,0.0,0.0,0.0,0.0,0.0,0.0,0.0,0.0,4.0,0.0,0.0,43.0,0.0,0.0,0.0,0.0,0.0,15.214285999999998,1120.0,25.376785,0.0,0.99464285,0.0,0,db connection limit;db connection limit
docker_005,1592044560,0.0,0.0,0.0,0.0,0.0,0.0,0.0,0.0,0.0,0.0,0.0,0.0,0.0,0.0,0.0,0.0,0.0,0.0,0.0,0.0,0.0,0.0,0.0,0.0,0.0,0.0,0.0,0.0,0.0,0.0,0.0,0.0,0.0,0.0,0.0,0.0,0.0,0.0,0.0,0.0,0.0,0.0,0.0,0.0,0.0,0.0,0.0,0.0,0.0,0.0,0.0,0.0,0.0,0.0,0.0,0.0,0.0,0.0,0.0,0.0,0.0,0.0,0.0,0.0,0.0,0.0,0.0,0.0,0.0,0.0,0.0,0.0,0.0,0.0,0.0,0.0,0.0,0.0,0.0,0.0,0.0,0.0,0.0,0.0,0.0,0.0,0.0,0.0,0.0,0.0,0.0,0.0,0.0,0.0,0.0,0.0,0.0,0.0,0.0,0.0,0.0,0.0,0.0,0.0,0.0,0.0,0.0,0.0,0.0,5.0,0.0,0.0,43.0,0.0,0.0,0.0,0.0,0.0,14.8597975,1184.0,21.465372,0.0,1.0,0.0,0,db connection limit;db connection limit
docker_005,1592044620,0.0,0.0,0.0,0.0,0.0,0.0,0.0,0.0,0.0,0.0,0.0,0.0,0.0,0.0,0.0,0.0,0.0,0.0,0.0,0.0,0.0,0.0,0.0,0.0,0.0,0.0,0.0,0.0,0.0,0.0,0.0,0.0,0.0,0.0,0.0,0.0,0.0,0.0,0.0,0.0,0.0,0.0,0.0,0.0,0.0,0.0,0.0,0.0,0.0,0.0,0.0,0.0,0.0,0.0,0.0,0.0,0.0,0.0,0.0,0.0,0.0,0.0,0.0,0.0,0.0,0.0,0.0,0.0,0.0,0.0,0.0,0.0,0.0,0.0,0.0,0.0,0.0,0.0,0.0,0.0,0.0,0.0,0.0,0.0,0.0,0.0,0.0,0.0,0.0,0.0,0.0,0.0,0.0,0.0,0.0,0.0,0.0,0.0,0.0,0.0,0.0,0.0,0.0,0.0,0.0,0.0,0.0,0.0,0.0,4.0,0.0,0.0,43.0,0.0,0.0,0.0,0.0,0.0,14.291236999999999,1164.0,20.366838,0.0,1.0,0.0,0,db connection limit;db connection limit
docker_005,1592044680,0.0,0.0,0.0,0.0,0.0,0.0,0.0,0.0,0.0,0.0,0.0,0.0,0.0,0.0,0.0,0.0,0.0,0.0,0.0,0.0,0.0,0.0,0.0,0.0,0.0,0.0,0.0,0.0,0.0,0.0,0.0,0.0,0.0,0.0,0.0,0.0,0.0,0.0,0.0,0.0,0.0,0.0,0.0,0.0,0.0,0.0,0.0,0.0,0.0,0.0,0.0,0.0,0.0,0.0,0.0,0.0,0.0,0.0,0.0,0.0,0.0,0.0,0.0,0.0,0.0,0.0,0.0,0.0,0.0,0.0,0.0,0.0,0.0,0.0,0.0,0.0,0.0,0.0,0.0,0.0,0.0,0.0,0.0,0.0,0.0,0.0,0.0,0.0,0.0,0.0,0.0,0.0,0.0,0.0,0.0,0.0,0.0,0.0,0.0,0.0,0.0,0.0,0.0,0.0,0.0,0.0,0.0,0.0,0.0,0.0,0.0,0.0,43.0,0.0,0.0,0.0,0.0,0.0,14.622421,1115.0,17.859192,0.0,1.0,0.0,0,db connection limit;db connection limit
docker_005,1592044740,0.0,0.0,0.0,0.0,0.0,0.0,0.0,0.0,0.0,0.0,0.0,0.0,0.0,0.0,0.0,0.0,0.0,0.0,0.0,0.0,0.0,0.0,0.0,0.0,0.0,0.0,0.0,0.0,0.0,0.0,0.0,0.0,0.0,0.0,0.0,0.0,0.0,0.0,0.0,0.0,0.0,0.0,0.0,0.0,0.0,0.0,0.0,0.0,0.0,0.0,0.0,0.0,0.0,0.0,0.0,0.0,0.0,0.0,0.0,0.0,0.0,0.0,0.0,0.0,0.0,0.0,0.0,0.0,0.0,0.0,0.0,0.0,0.0,0.0,0.0,0.0,0.0,0.0,0.0,0.0,0.0,0.0,0.0,0.0,0.0,0.0,0.0,0.0,0.0,0.0,0.0,0.0,0.0,0.0,0.0,0.0,0.0,0.0,0.0,0.0,0.0,0.0,0.0,0.0,0.0,0.0,0.0,0.0,0.0,2.0,0.0,0.0,43.0,0.0,0.0,0.0,0.0,0.0,14.230342000000002,1081.0,30.300648,0.0,1.0,0.0,0,db connection limit;db connection limit
docker_005,1592044800,0.0,0.0,0.0,0.0,0.0,0.0,0.0,0.0,0.0,0.0,0.0,0.0,0.0,0.0,0.0,0.0,0.0,0.0,0.0,0.0,0.0,0.0,0.0,0.0,0.0,0.0,0.0,0.0,0.0,0.0,0.0,0.0,0.0,0.0,0.0,0.0,0.0,0.0,0.0,0.0,0.0,0.0,0.0,0.0,0.0,0.0,0.0,0.0,0.0,0.0,0.0,0.0,0.0,0.0,0.0,0.0,0.0,0.0,0.0,0.0,0.0,0.0,0.0,0.0,0.0,0.0,0.0,0.0,0.0,0.0,0.0,0.0,0.0,0.0,0.0,0.0,0.0,0.0,0.0,0.0,0.0,0.0,0.0,0.0,0.0,0.0,0.0,0.0,0.0,0.0,0.0,0.0,0.0,0.0,0.0,0.0,0.0,0.0,0.0,0.0,0.0,0.0,0.0,0.0,0.0,0.0,0.0,0.0,0.0,9.0,0.0,0.0,43.0,0.0,0.0,0.0,0.0,0.0,14.205286,1135.0,19.624670000000002,0.0,1.0,0.0,0,db connection limit;db connection limit
docker_006,1592044500,0.0,0.0,0.0,0.0,0.0,0.0,0.0,0.0,0.0,0.0,0.0,0.0,0.0,0.0,0.0,0.0,0.0,0.0,0.0,0.0,0.0,0.0,0.0,0.0,0.0,0.0,0.0,0.0,0.0,0.0,0.0,0.0,0.0,0.0,0.0,0.0,0.0,0.0,0.0,0.0,0.0,0.0,0.0,0.0,0.0,0.0,0.0,0.0,0.0,0.0,0.0,0.0,0.0,0.0,0.0,0.0,0.0,0.0,0.0,0.0,0.0,0.0,0.0,0.0,0.0,0.0,0.0,0.0,0.0,0.0,0.0,0.0,0.0,0.0,0.0,0.0,0.0,0.0,0.0,0.0,0.0,0.0,0.0,0.0,0.0,0.0,0.0,0.0,0.0,0.0,0.0,0.0,0.0,0.0,0.0,0.0,0.0,0.0,0.0,0.0,0.0,0.0,0.0,0.0,0.0,0.0,0.0,0.0,0.0,9.0,0.0,0.0,43.0,0.0,0.0,0.0,0.0,0.0,14.754245000000001,1119.0,24.651474,0.0,0.99553174,0.0,0,db connection limit;db connection limit
docker_006,1592044560,0.0,0.0,0.0,0.0,0.0,0.0,0.0,0.0,0.0,0.0,0.0,0.0,0.0,0.0,0.0,0.0,0.0,0.0,0.0,0.0,0.0,0.0,0.0,0.0,0.0,0.0,0.0,0.0,0.0,0.0,0.0,0.0,0.0,0.0,0.0,0.0,0.0,0.0,0.0,0.0,0.0,0.0,0.0,0.0,0.0,0.0,0.0,0.0,0.0,0.0,0.0,0.0,0.0,0.0,0.0,0.0,0.0,0.0,0.0,0.0,0.0,0.0,0.0,0.0,0.0,0.0,0.0,0.0,0.0,0.0,0.0,0.0,0.0,0.0,0.0,0.0,0.0,0.0,0.0,0.0,0.0,0.0,0.0,0.0,0.0,0.0,0.0,0.0,0.0,0.0,0.0,0.0,0.0,0.0,0.0,0.0,0.0,0.0,0.0,0.0,0.0,0.0,0.0,0.0,0.0,0.0,0.0,0.0,0.0,7.0,0.0,0.0,43.0,0.0,0.0,0.0,0.0,0.0,14.885564000000002,1136.0,20.985916,0.0,1.0,0.0,0,db connection limit;db connection limit
docker_006,1592044620,0.0,0.0,0.0,0.0,0.0,0.0,0.0,0.0,0.0,0.0,0.0,0.0,0.0,0.0,0.0,0.0,0.0,0.0,0.0,0.0,0.0,0.0,0.0,0.0,0.0,0.0,0.0,0.0,0.0,0.0,0.0,0.0,0.0,0.0,0.0,0.0,0.0,0.0,0.0,0.0,0.0,0.0,0.0,0.0,0.0,0.0,0.0,0.0,0.0,0.0,0.0,0.0,0.0,0.0,0.0,0.0,0.0,0.0,0.0,0.0,0.0,0.0,0.0,0.0,0.0,0.0,0.0,0.0,0.0,0.0,0.0,0.0,0.0,0.0,0.0,0.0,0.0,0.0,0.0,0.0,0.0,0.0,0.0,0.0,0.0,0.0,0.0,0.0,0.0,0.0,0.0,0.0,0.0,0.0,0.0,0.0,0.0,0.0,0.0,0.0,0.0,0.0,0.0,0.0,0.0,0.0,0.0,0.0,0.0,7.0,0.0,0.0,43.0,0.0,0.0,0.0,0.0,0.0,14.828479000000002,1236.0,21.404531,0.0,1.0,0.0,0,db connection limit;db connection limit
docker_006,1592044680,0.0,0.0,0.0,0.0,0.0,0.0,0.0,0.0,0.0,0.0,0.0,0.0,0.0,0.0,0.0,0.0,0.0,0.0,0.0,0.0,0.0,0.0,0.0,0.0,0.0,0.0,0.0,0.0,0.0,0.0,0.0,0.0,0.0,0.0,0.0,0.0,0.0,0.0,0.0,0.0,0.0,0.0,0.0,0.0,0.0,0.0,0.0,0.0,0.0,0.0,0.0,0.0,0.0,0.0,0.0,0.0,0.0,0.0,0.0,0.0,0.0,0.0,0.0,0.0,0.0,0.0,0.0,0.0,0.0,0.0,0.0,0.0,0.0,0.0,0.0,0.0,0.0,0.0,0.0,0.0,0.0,0.0,0.0,0.0,0.0,0.0,0.0,0.0,0.0,0.0,0.0,0.0,0.0,0.0,0.0,0.0,0.0,0.0,0.0,0.0,0.0,0.0,0.0,0.0,0.0,0.0,0.0,0.0,0.0,6.0,0.0,0.0,43.0,0.0,0.0,0.0,0.0,0.0,14.623346,1285.0,19.62646,0.0,1.0,0.0,0,db connection limit;db connection limit
docker_006,1592044740,0.0,0.0,0.0,0.0,0.0,0.0,0.0,0.0,0.0,0.0,0.0,0.0,0.0,0.0,0.0,0.0,0.0,0.0,0.0,0.0,0.0,0.0,0.0,0.0,0.0,0.0,0.0,0.0,0.0,0.0,0.0,0.0,0.0,0.0,0.0,0.0,0.0,0.0,0.0,0.0,0.0,0.0,0.0,0.0,0.0,0.0,0.0,0.0,0.0,0.0,0.0,0.0,0.0,0.0,0.0,0.0,0.0,0.0,0.0,0.0,0.0,0.0,0.0,0.0,0.0,0.0,0.0,0.0,0.0,0.0,0.0,0.0,0.0,0.0,0.0,0.0,0.0,0.0,0.0,0.0,0.0,0.0,0.0,0.0,0.0,0.0,0.0,0.0,0.0,0.0,0.0,0.0,0.0,0.0,0.0,0.0,0.0,0.0,0.0,0.0,0.0,0.0,0.0,0.0,0.0,0.0,0.0,0.0,0.0,9.0,0.0,0.0,43.0,0.0,0.0,0.0,0.0,0.0,15.113995000000001,1079.0,29.74328,0.0,1.0,0.0,0,db connection limit;db connection limit
docker_006,1592044800,0.0,0.0,0.0,0.0,0.0,0.0,0.0,0.0,0.0,0.0,0.0,0.0,0.0,0.0,0.0,0.0,0.0,0.0,0.0,0.0,0.0,0.0,0.0,0.0,0.0,0.0,0.0,0.0,0.0,0.0,0.0,0.0,0.0,0.0,0.0,0.0,0.0,0.0,0.0,0.0,0.0,0.0,0.0,0.0,0.0,0.0,0.0,0.0,0.0,0.0,0.0,0.0,0.0,0.0,0.0,0.0,0.0,0.0,0.0,0.0,0.0,0.0,0.0,0.0,0.0,0.0,0.0,0.0,0.0,0.0,0.0,0.0,0.0,0.0,0.0,0.0,0.0,0.0,0.0,0.0,0.0,0.0,0.0,0.0,0.0,0.0,0.0,0.0,0.0,0.0,0.0,0.0,0.0,0.0,0.0,0.0,0.0,0.0,0.0,0.0,0.0,0.0,0.0,0.0,0.0,0.0,0.0,0.0,0.0,8.0,0.0,0.0,43.0,0.0,0.0,0.0,0.0,0.0,13.993360500000001,1205.0,18.612448,0.0,1.0,0.0,0,db connection limit;db connection limit
docker_007,1592044500,0.0,0.0,0.0,0.0,0.0,0.0,0.0,0.0,0.0,0.0,0.0,0.0,0.0,0.0,0.0,0.0,0.0,0.0,0.0,0.0,0.0,0.0,0.0,0.0,0.0,0.0,0.0,0.0,0.0,0.0,0.0,0.0,0.0,0.0,0.0,0.0,0.0,0.0,0.0,0.0,0.0,0.0,0.0,0.0,0.0,0.0,0.0,0.0,0.0,0.0,0.0,0.0,0.0,0.0,0.0,0.0,0.0,0.0,0.0,0.0,0.0,0.0,0.0,0.0,0.0,0.0,0.0,0.0,0.0,0.0,0.0,0.0,0.0,0.0,0.0,0.0,0.0,0.0,0.0,0.0,0.0,0.0,0.0,0.0,0.0,0.0,0.0,0.0,0.0,0.0,0.0,0.0,0.0,0.0,0.0,0.0,0.0,0.0,0.0,0.0,0.0,0.0,0.0,0.0,0.0,0.0,0.0,0.0,0.0,0.0,0.0,0.0,43.0,0.0,0.0,0.0,0.0,0.0,15.2662945,1074.0,23.123836999999998,0.0,0.9953445,0.0,0,db connection limit;db connection limit
docker_007,1592044560,0.0,0.0,0.0,0.0,0.0,0.0,0.0,0.0,0.0,0.0,0.0,0.0,0.0,0.0,0.0,0.0,0.0,0.0,0.0,0.0,0.0,0.0,0.0,0.0,0.0,0.0,0.0,0.0,0.0,0.0,0.0,0.0,0.0,0.0,0.0,0.0,0.0,0.0,0.0,0.0,0.0,0.0,0.0,0.0,0.0,0.0,0.0,0.0,0.0,0.0,0.0,0.0,0.0,0.0,0.0,0.0,0.0,0.0,0.0,0.0,0.0,0.0,0.0,0.0,0.0,0.0,0.0,0.0,0.0,0.0,0.0,0.0,0.0,0.0,0.0,0.0,0.0,0.0,0.0,0.0,0.0,0.0,0.0,0.0,0.0,0.0,0.0,0.0,0.0,0.0,0.0,0.0,0.0,0.0,0.0,0.0,0.0,0.0,0.0,0.0,0.0,0.0,0.0,0.0,0.0,0.0,0.0,0.0,0.0,0.0,0.0,0.0,43.0,0.0,0.0,0.0,0.0,0.0,15.816176,1088.0,26.78125,0.0,1.0,0.0,0,db connection limit;db connection limit
docker_007,1592044620,0.0,0.0,0.0,0.0,0.0,0.0,0.0,0.0,0.0,0.0,0.0,0.0,0.0,0.0,0.0,0.0,0.0,0.0,0.0,0.0,0.0,0.0,0.0,0.0,0.0,0.0,0.0,0.0,0.0,0.0,0.0,0.0,0.0,0.0,0.0,0.0,0.0,0.0,0.0,0.0,0.0,0.0,0.0,0.0,0.0,0.0,0.0,0.0,0.0,0.0,0.0,0.0,0.0,0.0,0.0,0.0,0.0,0.0,0.0,0.0,0.0,0.0,0.0,0.0,0.0,0.0,0.0,0.0,0.0,0.0,0.0,0.0,0.0,0.0,0.0,0.0,0.0,0.0,0.0,0.0,0.0,0.0,0.0,0.0,0.0,0.0,0.0,0.0,0.0,0.0,0.0,0.0,0.0,0.0,0.0,0.0,0.0,0.0,0.0,0.0,0.0,0.0,0.0,0.0,0.0,0.0,0.0,0.0,0.0,0.0,0.0,0.0,43.0,0.0,0.0,0.0,0.0,0.0,15.786753,1238.0,24.7084,0.0,1.0,0.0,0,db connection limit;db connection limit
docker_007,1592044680,0.0,0.0,0.0,0.0,0.0,0.0,0.0,0.0,0.0,0.0,0.0,0.0,0.0,0.0,0.0,0.0,0.0,0.0,0.0,0.0,0.0,0.0,0.0,0.0,0.0,0.0,0.0,0.0,0.0,0.0,0.0,0.0,0.0,0.0,0.0,0.0,0.0,0.0,0.0,0.0,0.0,0.0,0.0,0.0,0.0,0.0,0.0,0.0,0.0,0.0,0.0,0.0,0.0,0.0,0.0,0.0,0.0,0.0,0.0,0.0,0.0,0.0,0.0,0.0,0.0,0.0,0.0,0.0,0.0,0.0,0.0,0.0,0.0,0.0,0.0,0.0,0.0,0.0,0.0,0.0,0.0,0.0,0.0,0.0,0.0,0.0,0.0,0.0,0.0,0.0,0.0,0.0,0.0,0.0,0.0,0.0,0.0,0.0,0.0,0.0,0.0,0.0,0.0,0.0,0.0,0.0,0.0,0.0,0.0,0.0,0.0,0.0,43.0,0.0,0.0,0.0,0.0,0.0,15.060976,1148.0,25.301394000000002,0.0,1.0,0.0,0,db connection limit;db connection limit
docker_007,1592044740,0.0,0.0,0.0,0.0,0.0,0.0,0.0,0.0,0.0,0.0,0.0,0.0,0.0,0.0,0.0,0.0,0.0,0.0,0.0,0.0,0.0,0.0,0.0,0.0,0.0,0.0,0.0,0.0,0.0,0.0,0.0,0.0,0.0,0.0,0.0,0.0,0.0,0.0,0.0,0.0,0.0,0.0,0.0,0.0,0.0,0.0,0.0,0.0,0.0,0.0,0.0,0.0,0.0,0.0,0.0,0.0,0.0,0.0,0.0,0.0,0.0,0.0,0.0,0.0,0.0,0.0,0.0,0.0,0.0,0.0,0.0,0.0,0.0,0.0,0.0,0.0,0.0,0.0,0.0,0.0,0.0,0.0,0.0,0.0,0.0,0.0,0.0,0.0,0.0,0.0,0.0,0.0,0.0,0.0,0.0,0.0,0.0,0.0,0.0,0.0,0.0,0.0,0.0,0.0,0.0,0.0,0.0,0.0,0.0,0.0,0.0,0.0,43.0,0.0,0.0,0.0,0.0,0.0,14.978001999999998,1091.0,25.56187000000001,0.0,1.0,0.0,0,db connection limit;db connection limit
docker_007,1592044800,0.0,0.0,0.0,0.0,0.0,0.0,0.0,0.0,0.0,0.0,0.0,0.0,0.0,0.0,0.0,0.0,0.0,0.0,0.0,0.0,0.0,0.0,0.0,0.0,0.0,0.0,0.0,0.0,0.0,0.0,0.0,0.0,0.0,0.0,0.0,0.0,0.0,0.0,0.0,0.0,0.0,0.0,0.0,0.0,0.0,0.0,0.0,0.0,0.0,0.0,0.0,0.0,0.0,0.0,0.0,0.0,0.0,0.0,0.0,0.0,0.0,0.0,0.0,0.0,0.0,0.0,0.0,0.0,0.0,0.0,0.0,0.0,0.0,0.0,0.0,0.0,0.0,0.0,0.0,0.0,0.0,0.0,0.0,0.0,0.0,0.0,0.0,0.0,0.0,0.0,0.0,0.0,0.0,0.0,0.0,0.0,0.0,0.0,0.0,0.0,0.0,0.0,0.0,0.0,0.0,0.0,0.0,0.0,0.0,0.0,0.0,0.0,43.0,0.0,0.0,0.0,0.0,0.0,14.968020000000001,1157.0,31.195333,0.0,1.0,0.0,0,db connection limit;db connection limit
docker_008,1592044500,0.0,0.0,0.0,0.0,0.0,0.0,0.0,0.0,0.0,0.0,0.0,0.0,0.0,0.0,0.0,0.0,0.0,0.0,0.0,0.0,0.0,0.0,0.0,0.0,0.0,0.0,0.0,0.0,0.0,0.0,0.0,0.0,0.0,0.0,0.0,0.0,0.0,0.0,0.0,0.0,0.0,0.0,0.0,0.0,0.0,0.0,0.0,0.0,0.0,0.0,0.0,0.0,0.0,0.0,0.0,0.0,0.0,0.0,0.0,0.0,0.0,0.0,0.0,0.0,0.0,0.0,0.0,0.0,0.0,0.0,0.0,0.0,0.0,0.0,0.0,0.0,0.0,0.0,0.0,0.0,0.0,0.0,0.0,0.0,0.0,0.0,0.0,0.0,0.0,0.0,0.0,0.0,0.0,0.0,0.0,0.0,0.0,0.0,0.0,0.0,0.0,0.0,0.0,0.0,0.0,0.0,0.0,0.0,0.0,0.0,0.0,0.0,43.0,0.0,0.0,0.0,0.0,0.0,14.352405,1206.0,21.50083,0.0,1.0,0.0,0,db connection limit;db connection limit
docker_008,1592044560,0.0,0.0,0.0,0.0,0.0,0.0,0.0,0.0,0.0,0.0,0.0,0.0,0.0,0.0,0.0,0.0,0.0,0.0,0.0,0.0,0.0,0.0,0.0,0.0,0.0,0.0,0.0,0.0,0.0,0.0,0.0,0.0,0.0,0.0,0.0,0.0,0.0,0.0,0.0,0.0,0.0,0.0,0.0,0.0,0.0,0.0,0.0,0.0,0.0,0.0,0.0,0.0,0.0,0.0,0.0,0.0,0.0,0.0,0.0,0.0,0.0,0.0,0.0,0.0,0.0,0.0,0.0,0.0,0.0,0.0,0.0,0.0,0.0,0.0,0.0,0.0,0.0,0.0,0.0,0.0,0.0,0.0,0.0,0.0,0.0,0.0,0.0,0.0,0.0,0.0,0.0,0.0,0.0,0.0,0.0,0.0,0.0,0.0,0.0,0.0,0.0,0.0,0.0,0.0,0.0,0.0,0.0,0.0,0.0,0.0,0.0,0.0,43.0,0.0,0.0,0.0,0.0,0.0,15.469983,1166.0,29.03173300000001,0.0,0.99571186,0.0,0,db connection limit;db connection limit
docker_008,1592044620,0.0,0.0,0.0,0.0,0.0,0.0,0.0,0.0,0.0,0.0,0.0,0.0,0.0,0.0,0.0,0.0,0.0,0.0,0.0,0.0,0.0,0.0,0.0,0.0,0.0,0.0,0.0,0.0,0.0,0.0,0.0,0.0,0.0,0.0,0.0,0.0,0.0,0.0,0.0,0.0,0.0,0.0,0.0,0.0,0.0,0.0,0.0,0.0,0.0,0.0,0.0,0.0,0.0,0.0,0.0,0.0,0.0,0.0,0.0,0.0,0.0,0.0,0.0,0.0,0.0,0.0,0.0,0.0,0.0,0.0,0.0,0.0,0.0,0.0,0.0,0.0,0.0,0.0,0.0,0.0,0.0,0.0,0.0,0.0,0.0,0.0,0.0,0.0,0.0,0.0,0.0,0.0,0.0,0.0,0.0,0.0,0.0,0.0,0.0,0.0,0.0,0.0,0.0,0.0,0.0,0.0,0.0,0.0,0.0,0.0,0.0,0.0,43.0,0.0,0.0,0.0,0.0,0.0,14.9401,1202.0,26.321964,0.0,1.0,0.0,0,db connection limit;db connection limit
docker_008,1592044680,0.0,0.0,0.0,0.0,0.0,0.0,0.0,0.0,0.0,0.0,0.0,0.0,0.0,0.0,0.0,0.0,0.0,0.0,0.0,0.0,0.0,0.0,0.0,0.0,0.0,0.0,0.0,0.0,0.0,0.0,0.0,0.0,0.0,0.0,0.0,0.0,0.0,0.0,0.0,0.0,0.0,0.0,0.0,0.0,0.0,0.0,0.0,0.0,0.0,0.0,0.0,0.0,0.0,0.0,0.0,0.0,0.0,0.0,0.0,0.0,0.0,0.0,0.0,0.0,0.0,0.0,0.0,0.0,0.0,0.0,0.0,0.0,0.0,0.0,0.0,0.0,0.0,0.0,0.0,0.0,0.0,0.0,0.0,0.0,0.0,0.0,0.0,0.0,0.0,0.0,0.0,0.0,0.0,0.0,0.0,0.0,0.0,0.0,0.0,0.0,0.0,0.0,0.0,0.0,0.0,0.0,0.0,0.0,0.0,1.0,0.0,0.0,43.0,0.0,0.0,0.0,0.0,0.0,14.667207999999999,1232.0,26.658279999999998,0.0,1.0,0.0,0,db connection limit;db connection limit
docker_008,1592044740,0.0,0.0,0.0,0.0,0.0,0.0,0.0,0.0,0.0,0.0,0.0,0.0,0.0,0.0,0.0,0.0,0.0,0.0,0.0,0.0,0.0,0.0,0.0,0.0,0.0,0.0,0.0,0.0,0.0,0.0,0.0,0.0,0.0,0.0,0.0,0.0,0.0,0.0,0.0,0.0,0.0,0.0,0.0,0.0,0.0,0.0,0.0,0.0,0.0,0.0,0.0,0.0,0.0,0.0,0.0,0.0,0.0,0.0,0.0,0.0,0.0,0.0,0.0,0.0,0.0,0.0,0.0,0.0,0.0,0.0,0.0,0.0,0.0,0.0,0.0,0.0,0.0,0.0,0.0,0.0,0.0,0.0,0.0,0.0,0.0,0.0,0.0,0.0,0.0,0.0,0.0,0.0,0.0,0.0,0.0,0.0,0.0,0.0,0.0,0.0,0.0,0.0,0.0,0.0,0.0,0.0,0.0,0.0,0.0,1.0,0.0,0.0,43.0,0.0,0.0,0.0,0.0,0.0,14.313897,1029.0,23.388727,0.0,1.0,0.0,0,db connection limit;db connection limit
docker_008,1592044800,0.0,0.0,0.0,0.0,0.0,0.0,0.0,0.0,0.0,0.0,0.0,0.0,0.0,0.0,0.0,0.0,0.0,0.0,0.0,0.0,0.0,0.0,0.0,0.0,0.0,0.0,0.0,0.0,0.0,0.0,0.0,0.0,0.0,0.0,0.0,0.0,0.0,0.0,0.0,0.0,0.0,0.0,0.0,0.0,0.0,0.0,0.0,0.0,0.0,0.0,0.0,0.0,0.0,0.0,0.0,0.0,0.0,0.0,0.0,0.0,0.0,0.0,0.0,0.0,0.0,0.0,0.0,0.0,0.0,0.0,0.0,0.0,0.0,0.0,0.0,0.0,0.0,0.0,0.0,0.0,0.0,0.0,0.0,0.0,0.0,0.0,0.0,0.0,0.0,0.0,0.0,0.0,0.0,0.0,0.0,0.0,0.0,0.0,0.0,0.0,0.0,0.0,0.0,0.0,0.0,0.0,0.0,0.0,0.0,3.0,0.0,0.0,43.0,0.0,0.0,0.0,0.0,0.0,14.248176,1233.0,29.746146999999997,0.0,1.0,0.0,0,db connection limit;db connection limit
os_017,1592044500,0.0,0.0,0.0,1.0,0.0,0.0,0.0,0.0,0.0,96.695,0.007657,0.0,0.0,4.19,0.872876,2.3589599999999997,0.0,0.0,0.0,0.0,0.0,0.0,0.0,0.016819,2.0,0.0,0.0,0.0,17.83,2.0,0.23458600000000002,0.0,0.985352,98.0,328.085,43.2138,141.778,0.0,0.0,0.0,1.0,0.026667333999999997,0.0,0.0,0.0,0.0,0.0,0.0,0.0,0.0,72.85728,0.0,0.0,0.0,5.649895,7.19,0.0,0.0,0.0,0.0,0.0,0.04609367,0.0,0.0,0.0,292.0,0.0,0.0,0.0,0.025,0.025,0.024583,0.0,0.0,0.0,245.38412000000002,0.0,0.0,0.0,0.0,0.232273,0.0,0.0,1.0,0.0,0.0,0.0,0.0,0.0,0.0,47504.0,0.0,0.0,1.0,0.0,0.0,0.0,0.0,0.0,0.0,0.0,0.0,0.0,0.0,0.0,0.0,0.0,0.0,0.0,0.0,0.0,0.0,0.0,0.0,0.0,0.0,0.0,0.0,0.0,0.0,0.0,416.0,0.0,0.0,0,db connection limit;db connection limit
os_017,1592044560,0.0,0.0,0.0,1.0,0.0,0.0,0.0,0.0,0.0,96.74939,0.006959,0.0,0.0,3.39,0.864972,2.244861,0.0,0.0,0.0,0.0,0.0,0.0,0.0,0.015634000000000002,1.81,0.0,0.0,0.0,0.0,3.0,0.351489,0.0,0.0,0.0,0.0,0.0,0.0,0.0,0.0,0.0,1.0,0.027181,0.0,0.0,0.0,0.0,0.0,0.0,0.0,0.0,72.85658000000002,0.0,0.0,0.0,5.648518,7.2,0.0,0.0,0.0,0.0,0.0,0.041786667,0.0,0.0,0.0,325.0,0.0,0.0,0.0,0.02375,0.014166999999999999,0.02125,0.0,0.0,0.0,237.58981,0.0,0.0,0.0,0.0,0.23548400000000005,0.0,0.0,0.0,0.0,0.0,0.0,0.0,0.0,0.0,0.0,0.0,0.0,0.0,0.0,0.0,0.0,0.0,0.0,0.0,0.0,0.0,0.0,0.0,0.0,0.0,0.0,0.0,0.0,0.0,0.0,0.0,0.0,0.0,0.0,0.0,0.0,0.0,0.0,0.0,0.0,401.0,0.0,0.0,0,db connection limit;db connection limit
os_017,1592044620,0.0,0.0,0.0,1.0,0.0,0.0,0.0,0.0,0.0,96.776794,0.010440000000000001,0.0,0.0,4.24,0.865195,2.421656,0.0,0.0,0.0,0.0,0.0,0.0,0.0,0.019753,0.0,0.0,0.0,0.0,0.0,2.0,0.36501,0.0,0.0,0.0,0.0,0.0,0.0,0.0,0.0,0.0,1.0,0.028526999,0.0,0.0,0.0,0.0,0.0,0.0,0.0,0.0,72.85615,0.0,0.0,0.0,5.650707,7.2,0.0,0.0,0.0,0.0,0.0,0.055549,0.0,0.0,0.0,320.0,0.0,0.0,0.0,0.025,0.03875,0.025417,0.0,0.0,0.0,244.8404,0.0,0.0,0.0,0.0,0.23241900000000001,0.0,0.0,0.0,0.0,0.0,0.0,0.0,0.0,0.0,0.0,0.0,0.0,0.0,0.0,0.0,0.0,0.0,0.0,0.0,0.0,0.0,0.0,0.0,0.0,0.0,0.0,0.0,0.0,0.0,0.0,0.0,0.0,0.0,0.0,0.0,0.0,0.0,0.0,0.0,0.0,390.0,0.0,0.0,0,db connection limit;db connection limit
os_017,1592044680,0.0,0.0,0.0,1.0,0.0,0.0,0.0,0.0,0.0,96.898636,0.007654,0.0,0.0,3.52,0.838483,2.221805,0.0,0.0,0.0,0.0,0.0,0.0,0.0,0.013716999999999998,0.0,0.0,0.0,0.0,0.0,1.0,0.280588,0.0,0.0,0.0,0.0,0.0,0.0,0.0,0.0,0.0,1.0,0.026534,0.0,0.0,0.0,0.0,0.0,0.0,0.0,0.0,72.85292,0.0,0.0,0.0,5.654648,7.2,0.0,0.0,0.0,0.0,0.0,0.045546666,0.0,0.0,0.0,363.0,0.0,0.0,0.0,0.025833,0.042082999999999995,0.02875,0.0,65.0,0.0,268.5027,0.0,0.0,0.0,0.0,0.26164,0.0,74.0,0.0,0.0,0.0,0.0,0.0,0.0,0.0,0.0,0.0,0.0,0.0,0.0,0.0,0.0,0.0,0.0,0.0,0.0,0.0,0.0,0.0,0.0,0.0,0.0,0.0,0.0,0.0,0.0,0.0,0.0,0.0,0.0,0.0,0.0,0.0,0.0,0.0,0.0,469.0,0.0,0.0,0,db connection limit;db connection limit
os_017,1592044740,0.0,0.0,0.0,1.0,0.0,0.016041,0.0,0.0,0.0,96.9293,0.003479,0.0,0.0,2.98,0.800122,2.023906,0.0,15.741145999999999,0.0,0.0,0.0,0.0,0.0,0.010875,1.0,0.0,0.0,0.0,0.0,1.0,0.191399,0.0,0.0,0.0,0.0,0.0,0.0,0.0,0.0,0.0,1.0,0.024686001000000003,0.0,0.0,0.0,0.0,0.0,0.0,0.0,0.0,72.84355,0.0,57.08569,0.0,5.663246,7.21,0.0,0.0,385.0,1.0,0.0,0.035458665,0.0,0.0,0.0,296.0,0.0,0.0,0.0,0.025417,0.027083,0.026667000000000003,0.0,0.0,0.0,237.0127,0.0,0.0,0.0,0.0,0.23160999999999998,0.0,0.0,0.0,0.0,0.0,0.0,0.0,0.0,0.0,0.0,0.0,0.0,0.0,0.0,0.0,0.0,0.0,0.0,0.0,0.0,0.0,0.0,0.0,0.0,0.0,0.0,0.0,0.0,0.0,0.0,0.0,0.0,0.0,0.0,0.0,0.0,0.0,0.0,0.0,0.0,396.0,0.0,0.0,0,db connection limit;db connection limit
os_017,1592044800,0.0,0.0,0.0,1.0,0.0,0.0,0.0,0.0,0.0,96.80814000000001,0.013224000000000001,0.0,0.0,2.73,0.913178,2.3643970000000003,0.0,0.0,0.0,0.0,0.0,0.0,0.0,0.013757,0.0,0.0,0.0,0.0,0.0,2.0,0.302423,0.0,0.983398,98.0,328.085,43.2526,141.905,0.0,0.0,0.0,1.0,0.026716000000000004,0.0,0.0,0.0,0.0,0.0,0.0,0.0,0.0,72.83977,0.0,0.0,0.0,5.66787,7.22,0.0,0.0,0.0,0.0,0.0,0.049717665,0.0,0.0,0.0,283.0,0.0,0.0,0.0,0.024583,0.015,0.023333,0.0,0.0,0.0,217.41352999999998,0.0,0.0,0.0,0.0,0.21736,0.0,0.0,1.0,0.0,0.0,0.0,0.0,0.0,0.0,47504.0,0.0,0.0,5.0,0.0,0.0,0.0,0.0,0.0,0.0,0.0,0.0,0.0,0.0,0.0,0.0,0.0,0.0,0.0,0.0,0.0,0.0,0.0,0.0,0.0,0.0,0.0,0.0,0.0,0.0,0.0,432.0,0.0,0.0,0,db connection limit;db connection limit
os_018,1592044500,0.0,0.0,0.0,1.0,0.0,0.002151,0.0,0.0,0.0,96.72394,0.002783,0.0,0.0,2.36,1.0939459999999999,2.286693,0.0,8.742161,0.0,0.0,0.0,0.0,0.0,0.02712,2.4,0.0,0.0,0.0,1.0,2.0,0.343908,0.0,0.0,0.0,0.0,0.0,0.0,0.0,0.0,0.0,1.0,0.025041334,0.0,0.0,0.0,0.0,0.0,0.0,0.0,0.0,73.65455,0.0,64.909386,0.0,4.850372,6.18,0.0,0.0,0.0,0.0,0.0,0.039931335,0.0,0.0,0.0,66.0,0.0,0.0,0.0,0.029582999999999998,0.036667,0.032917,0.0,0.0,0.0,212.95131,0.0,0.0,0.0,0.0,0.203573,0.0,0.0,0.0,0.0,0.0,0.0,0.0,0.0,0.0,0.0,0.0,0.0,0.0,0.0,0.0,0.0,0.0,0.0,0.0,0.0,0.0,0.0,0.0,0.0,0.0,0.0,0.0,0.0,0.0,0.0,0.0,0.0,0.0,0.0,0.0,0.0,0.0,0.0,0.0,0.0,398.0,0.0,0.0,0,db connection limit;db connection limit
os_018,1592044560,0.0,0.0,0.0,1.0,0.0,0.0,0.0,0.0,0.0,96.60138,0.010440000000000001,0.0,0.0,0.58,1.071834,2.298891,0.0,0.0,0.0,0.0,0.0,0.0,0.0,0.029062,2.0,0.0,0.0,0.0,2.0,2.0,0.264388,0.0,0.0,0.0,0.0,0.0,0.0,0.0,0.0,0.0,1.0,0.025678335,0.0,0.0,0.0,0.0,0.0,0.0,0.0,0.0,73.65177,0.0,0.0,0.0,4.854778,6.19,0.0,0.0,391.0,1.0,0.0,0.040552332999999996,0.0,0.0,0.0,337.0,0.0,0.0,0.0,0.029167000000000002,0.0275,0.03,0.0,0.0,0.0,208.72562,0.0,0.0,0.0,0.0,0.20585599999999998,0.0,0.0,0.0,0.0,0.0,0.0,0.0,0.0,0.0,63848.0,0.0,0.0,1.0,0.0,0.0,0.0,0.0,0.0,0.0,0.0,0.0,0.0,0.0,0.0,0.0,0.0,0.0,0.0,0.0,0.0,0.0,0.0,0.0,0.0,0.0,0.0,0.0,0.0,0.0,0.0,405.0,0.0,0.0,0,db connection limit;db connection limit
os_018,1592044620,0.0,0.0,0.0,1.0,0.0,0.0,0.0,0.0,0.0,96.436325,0.022274000000000002,0.0,0.0,1.7,1.106734,2.367362,0.0,0.0,0.0,0.0,0.0,0.0,0.0,0.020975,3.0,0.0,0.0,0.0,0.0,2.0,0.300244,0.0,0.984375,98.0,348.18199999999996,59.3581,206.674,0.0,0.0,0.0,1.0,0.026697000000000002,0.0,0.0,0.0,0.0,0.0,0.0,0.0,0.0,73.645134,0.0,0.0,0.0,4.861584,6.19,0.0,0.0,0.0,0.0,0.0,0.045410004000000004,0.0,0.0,0.0,381.0,0.0,0.0,0.0,0.02875,0.0275,0.028332999999999997,0.0,0.0,0.0,247.17471,0.0,0.0,0.0,0.0,0.235237,0.0,0.0,0.0,0.0,0.0,0.0,0.0,0.0,0.0,0.0,0.0,0.0,0.0,0.0,0.0,0.0,0.0,0.0,0.0,0.0,0.0,0.0,0.0,0.0,0.0,0.0,0.0,0.0,0.0,0.0,0.0,0.0,0.0,0.0,0.0,0.0,0.0,0.0,0.0,0.0,428.0,0.0,0.0,0,db connection limit;db connection limit
os_018,1592044680,0.0,0.0,0.0,1.0,0.0,0.0,0.0,0.0,0.0,96.39401,0.03063,0.0,0.0,1.2,1.116564,2.446138,0.0,0.0,0.0,0.0,0.0,0.0,0.0,0.029345,2.2,0.0,0.0,0.0,1.0,3.0,0.304737,0.0,0.0,0.0,0.0,0.0,0.0,0.0,0.0,0.0,1.0,0.027955333,0.0,0.0,0.0,0.0,0.0,0.0,0.0,0.0,73.64352,0.0,0.0,0.0,4.862347,6.19,0.0,0.0,0.0,0.0,0.0,0.048302665,0.0,0.0,0.0,399.0,0.0,0.0,0.0,0.028332999999999997,0.025417,0.027083,0.0,0.0,0.0,253.8694,0.0,0.0,0.0,0.0,0.24965700000000002,0.0,0.0,0.0,0.0,0.0,0.0,0.0,0.0,0.0,0.0,0.0,0.0,0.0,0.0,0.0,0.0,0.0,0.0,0.0,0.0,0.0,0.0,0.0,0.0,0.0,0.0,0.0,0.0,0.0,0.0,0.0,0.0,0.0,0.0,0.0,0.0,0.0,0.0,0.0,0.0,401.0,0.0,0.0,0,db connection limit;db connection limit
os_018,1592044740,0.0,0.0,0.0,1.0,0.0,0.0,0.0,0.0,0.0,96.57165,0.02854,0.0,0.0,2.48,1.0525360000000001,2.332688,0.0,0.0,0.0,0.0,0.0,0.0,0.0,0.023359,0.0,0.0,0.0,0.0,2.0,2.0,0.328457,0.0,0.0,0.0,0.0,0.0,0.0,0.0,0.0,0.0,1.0,0.022206001,0.0,0.0,0.0,0.0,0.0,0.0,0.0,0.0,73.6337,0.0,0.0,0.0,4.871407,6.21,0.0,0.0,0.0,0.0,0.0,0.034307666,0.0,0.0,0.0,272.0,0.0,0.0,0.0,0.03,0.050417000000000003,0.03125,0.0,62.33333199999999,0.0,175.52834,0.0,0.0,0.0,0.0,0.16728900000000002,0.0,68.666664,0.0,0.0,0.0,0.0,0.0,0.0,0.0,0.0,0.0,0.0,0.0,0.0,0.0,0.0,0.0,0.0,0.0,0.0,0.0,0.0,0.0,0.0,0.0,0.0,0.0,0.0,0.0,0.0,0.0,0.0,0.0,0.0,0.0,0.0,0.0,0.0,0.0,0.0,453.0,0.0,0.0,0,db connection limit;db connection limit
os_018,1592044800,0.0,0.0,0.0,1.0,0.0,0.002151,0.0,0.0,0.0,96.275925,0.036204,0.0,0.0,1.57,1.13414,2.505048,0.0,8.826103,0.0,0.0,0.0,0.0,0.0,0.019515,0.0,0.0,0.0,0.0,0.0,2.0,0.304823,0.0,0.0,0.0,0.0,0.0,0.0,0.0,0.0,0.0,1.0,0.029540332000000002,0.0,0.0,0.0,0.0,0.0,0.0,0.0,0.0,73.63001,0.0,64.80003,0.0,4.876308,6.21,0.0,0.0,0.0,0.0,0.0,0.050029997,0.0,0.0,0.0,288.0,0.0,0.0,0.0,0.030417000000000007,0.03875,0.034167,0.0,0.0,0.0,262.03528,0.0,0.0,0.0,0.0,0.256274,0.0,0.0,0.0,0.0,0.0,0.0,0.0,0.0,0.0,0.0,0.0,0.0,0.0,0.0,0.0,0.0,0.0,0.0,0.0,0.0,0.0,0.0,0.0,0.0,0.0,0.0,0.0,0.0,0.0,0.0,0.0,0.0,0.0,0.0,0.0,0.0,0.0,0.0,0.0,0.0,428.0,0.0,0.0,0,db connection limit;db connection limit
os_019,1592044500,0.0,0.0,0.0,1.0,0.0,0.0,0.0,0.0,0.0,96.54881999999999,0.004871,0.0,0.0,0.57,1.118193,2.279591,0.0,0.0,0.0,0.0,0.0,0.0,0.0,0.020635,0.0,0.0,0.0,0.0,0.0,2.0,0.30255,0.0,0.0,0.0,0.0,0.0,0.0,0.0,0.0,0.0,1.0,0.026678002000000003,0.0,0.0,0.0,0.0,0.0,0.0,0.0,0.0,73.69379,0.0,0.0,0.0,4.81147,6.13,0.0,0.0,389.0,1.0,0.0,0.048365335999999995,0.0,0.0,0.0,199.0,0.0,0.0,0.0,0.021667,0.01125,0.016666999999999998,0.0,63.66666800000001,0.0,226.67055,0.0,0.0,0.0,0.0,0.218834,0.0,74.0,0.0,0.0,0.0,0.0,0.0,0.0,0.0,55708.0,0.0,0.0,0.0,0.0,0.0,0.0,0.0,0.0,0.0,0.0,0.0,0.0,0.0,0.0,0.0,0.0,0.0,0.0,0.0,0.0,0.0,0.0,0.0,0.0,0.0,0.0,0.0,0.0,0.0,0.0,398.0,0.0,0.0,0,db connection limit;db connection limit
os_019,1592044560,0.0,0.0,0.0,1.0,0.0,0.0,0.0,0.0,0.0,96.49683,0.005568,0.0,0.0,0.7,1.131815,2.400061,0.0,0.0,0.0,0.0,0.0,0.0,0.0,0.018328,0.0,0.0,0.0,0.0,0.0,2.0,0.305825,0.0,0.985352,98.0,348.18199999999996,62.1363,216.34799999999998,0.0,0.0,0.0,1.0,0.026576,0.0,0.0,0.0,0.0,0.0,0.0,0.0,0.0,73.69233,0.0,0.0,0.0,4.813423,6.13,0.0,0.0,0.0,0.0,0.0,0.045529336,0.0,0.0,0.0,318.0,0.0,0.0,0.0,0.020833,0.008333,0.015,0.0,0.0,0.0,210.61845,0.0,0.0,0.0,0.0,0.20551999999999998,0.0,0.0,0.0,0.0,0.0,0.0,0.0,0.0,0.0,0.0,0.0,0.0,0.0,0.0,0.0,0.0,0.0,0.0,0.0,0.0,0.0,0.0,0.0,0.0,0.0,0.0,0.0,0.0,0.0,0.0,0.0,0.0,0.0,0.0,0.0,0.0,0.0,0.0,0.0,0.0,451.0,0.0,0.0,0,db connection limit;db connection limit
os_019,1592044620,0.0,0.0,0.0,1.0,0.0,0.0,0.0,0.0,0.0,96.27505500000001,0.002088,0.0,0.0,0.57,1.127584,2.4520619999999997,0.0,0.0,0.0,0.0,0.0,0.0,0.0,0.015553,0.0,0.0,0.0,0.0,0.0,2.0,0.294333,0.0,0.0,0.0,0.0,0.0,0.0,0.0,0.0,0.0,1.0,0.027688667,0.0,0.0,0.0,0.0,0.0,0.0,0.0,0.0,73.68803,0.0,0.0,0.0,4.817585,6.13,0.0,0.0,0.0,0.0,0.0,0.047289665999999994,0.0,0.0,0.0,391.0,0.0,0.0,0.0,0.024583,0.05875,0.0275,0.0,0.0,0.0,272.76248,0.0,0.0,0.0,0.0,0.268779,0.0,0.0,0.0,0.0,0.0,0.0,0.0,0.0,0.0,0.0,0.0,0.0,0.0,0.0,0.0,0.0,0.0,0.0,0.0,0.0,0.0,0.0,0.0,0.0,0.0,0.0,0.0,0.0,0.0,0.0,0.0,0.0,0.0,0.0,0.0,0.0,0.0,0.0,0.0,0.0,392.0,0.0,0.0,0,db connection limit;db connection limit
os_019,1592044680,0.0,0.0,0.0,1.0,0.0,0.0,0.0,0.0,0.0,96.47620400000001,0.026451,0.0,0.0,0.66,1.122735,2.4174290000000003,0.0,0.0,0.0,0.0,0.0,0.0,0.0,0.01629,1.0,0.0,0.0,0.0,0.0,2.0,0.31283299999999997,0.0,0.0,0.0,0.0,0.0,0.0,0.0,0.0,0.0,1.0,0.028571332,0.0,0.0,0.0,0.0,0.0,0.0,0.0,0.0,73.68970999999998,0.0,0.0,0.0,4.815136,6.13,0.0,0.0,0.0,0.0,0.0,0.04929133,0.0,0.0,0.0,239.0,0.0,0.0,0.0,0.025417,0.04125,0.029582999999999998,0.0,0.0,0.0,253.51517,0.0,0.0,0.0,0.0,0.247302,0.0,0.0,0.0,0.0,0.0,0.0,0.0,0.0,0.0,0.0,0.0,0.0,0.0,0.0,0.0,0.0,0.0,0.0,0.0,0.0,0.0,0.0,0.0,0.0,0.0,0.0,0.0,0.0,0.0,0.0,0.0,0.0,0.0,0.0,0.0,0.0,0.0,0.0,0.0,0.0,390.0,0.0,0.0,0,db connection limit;db connection limit
os_019,1592044740,0.0,0.0,0.0,1.0,0.0,0.015053,0.0,0.0,0.0,96.488884,0.018099,0.0,0.0,0.74,1.096423,2.346012,0.0,8.580817999999999,0.0,0.0,0.0,0.0,0.0,0.015858,1.0,0.0,0.0,0.0,0.0,2.0,0.314645,0.0,0.0,0.0,0.0,0.0,0.0,0.0,0.0,0.0,1.0,0.026530666,0.0,0.0,0.0,0.0,0.0,0.0,0.0,0.0,73.685265,0.0,65.08933,0.0,4.821701,6.14,0.0,0.0,0.0,0.0,0.0,0.045942332999999995,0.0,0.0,0.0,319.0,0.0,0.0,0.0,0.025417,0.02875,0.02875,0.0,0.0,0.0,200.14545,0.0,0.0,0.0,0.0,0.191355,0.0,0.0,0.0,0.0,0.0,0.0,0.0,0.0,0.0,0.0,0.0,0.0,0.0,0.0,0.0,0.0,0.0,0.0,0.0,0.0,0.0,0.0,0.0,0.0,0.0,0.0,0.0,0.0,0.0,0.0,0.0,0.0,0.0,0.0,0.0,0.0,0.0,0.0,0.0,0.0,391.0,0.0,0.0,0,db connection limit;db connection limit
os_019,1592044800,0.0,0.0,0.0,1.0,0.0,0.0,0.0,0.0,0.0,96.38358000000001,0.013224000000000001,0.0,0.0,0.9,1.153865,2.398302,0.0,0.0,0.0,0.0,0.0,0.0,0.0,0.022711000000000002,1.0,0.0,0.0,0.0,0.0,3.0,0.281404,0.0,0.0,0.0,0.0,0.0,0.0,0.0,0.0,0.0,1.0,0.027306333,0.0,0.0,0.0,0.0,0.0,0.0,0.0,0.0,73.6789,0.0,0.0,0.0,4.828041000000002,6.15,0.0,0.0,391.0,1.0,0.0,0.04816,0.0,0.0,0.0,234.0,0.0,0.0,0.0,0.024583,0.015,0.024583,0.0,65.333336,0.0,274.69516,0.0,0.0,0.0,0.0,0.272119,0.0,75.666664,0.0,0.0,0.0,0.0,0.0,0.0,0.0,55708.0,0.0,0.0,0.0,0.0,0.0,0.0,0.0,0.0,0.0,0.0,0.0,0.0,0.0,0.0,0.0,0.0,0.0,0.0,0.0,0.0,0.0,0.0,0.0,0.0,0.0,0.0,0.0,0.0,0.0,0.0,414.0,0.0,0.0,0,db connection limit;db connection limit
os_020,1592044500,0.0,0.0,0.0,1.0,0.0,0.0,0.0,0.0,0.0,96.67260999999999,0.040374,0.0,0.0,0.78,1.068584,2.221371,0.0,0.0,0.0,0.0,0.0,0.0,0.0,0.087619,9.0,0.5,0.0,0.0,25.08,2.0,0.23477199999999998,0.0,4.3217,79.0,299.962,48.8568,146.55200000000005,0.0,0.0,0.0,1.0,0.025125667,0.0,0.0,0.0,0.0,0.0,0.0,0.0,0.0,72.30242,0.0,0.0,0.0,6.217186,7.89,0.0,0.0,0.0,0.0,0.0,0.042330335999999996,0.0,0.0,0.0,279.0,0.0,0.0,0.0,0.035417000000000004,0.0225,0.0375,0.0,63.0,0.0,219.82416,0.0,0.0,0.0,0.0,0.213745,0.0,71.333336,0.0,0.0,0.0,0.0,0.0,0.0,0.0,219616.0,0.0,0.0,0.0,0.0,0.0,0.0,0.0,0.0,0.0,0.0,0.0,0.0,0.0,0.0,0.0,0.0,0.0,0.0,0.0,0.0,0.0,0.0,0.0,0.0,0.0,0.0,0.0,0.0,0.0,0.0,476.0,0.0,0.0,0,db connection limit;db connection limit
os_020,1592044560,0.0,0.0,0.0,1.0,0.0,0.0,0.0,0.0,0.0,96.39276,0.033402,0.0,0.0,1.12,1.1258860000000002,2.395101,0.0,0.0,0.0,0.0,0.0,0.0,0.0,0.096756,0.0,0.350014,0.0,0.0,0.0,2.0,0.336633,0.0,0.0,0.0,0.0,0.0,0.0,0.0,0.0,0.0,1.0,0.026133,0.0,0.0,0.0,0.0,0.0,0.0,0.0,0.0,72.32245999999998,0.0,0.0,0.0,6.183159,7.92,0.0,0.0,0.0,0.0,0.0,0.043815333,0.0,0.0,0.0,334.0,0.0,0.0,0.0,0.034167,0.018333000000000002,0.033333,0.0,0.0,0.0,231.11469,0.0,0.0,0.0,0.0,0.2267760000000001,0.0,0.0,0.0,0.0,0.0,0.0,0.0,0.0,0.0,0.0,0.0,0.0,0.0,0.0,0.0,0.0,0.0,0.0,0.0,0.0,0.0,0.0,0.0,0.0,0.0,0.0,0.0,0.0,0.0,0.0,0.0,0.0,0.0,0.0,0.0,0.0,0.0,0.0,0.0,0.0,394.0,0.0,0.0,0,db connection limit;db connection limit
os_020,1592044620,0.0,0.0,0.0,1.0,0.0,0.0,0.0,0.0,0.0,96.541885,0.033412,0.0,0.0,1.57,1.0518040000000002,2.304779,0.0,0.0,0.0,0.0,0.0,0.0,0.0,0.144183,0.0,0.5,0.0,0.0,18.04,3.0,0.268986,0.0,0.0,0.0,0.0,0.0,0.0,0.0,0.0,0.0,1.0,0.02804,0.0,0.0,0.0,0.0,0.0,0.0,0.0,0.0,72.27376600000002,0.0,0.0,0.0,6.227215,7.93,0.0,0.0,0.0,0.0,0.0,0.048881665,0.0,0.0,0.0,327.0,0.0,0.0,0.0,0.034167,0.030833,0.03375,0.0,0.0,0.0,257.40726,0.0,0.0,0.0,0.0,0.24453899999999998,0.0,0.0,0.0,0.0,0.0,0.0,0.0,0.0,0.0,0.0,0.0,0.0,0.0,0.0,0.0,0.0,0.0,0.0,0.0,0.0,0.0,0.0,0.0,0.0,0.0,0.0,0.0,0.0,0.0,0.0,0.0,0.0,0.0,0.0,0.0,0.0,0.0,0.0,0.0,0.0,393.0,0.0,0.0,0,db connection limit;db connection limit
os_020,1592044680,0.0,0.0,0.0,1.0,0.0,0.0,0.0,0.0,0.0,96.53898000000001,0.059864999999999995,0.0,0.0,1.37,1.08732,2.394609,0.0,0.0,0.0,0.0,0.0,0.0,0.0,0.046239999999999996,0.0,0.5,0.0,0.0,1.0,2.0,0.372211,0.0,0.0,0.0,0.0,0.0,0.0,0.0,0.0,0.0,1.0,0.027032001,0.0,0.0,0.0,0.0,0.0,0.0,0.0,0.0,72.310585,0.0,0.0,0.0,6.1944050000000015,7.89,0.0,0.0,0.0,0.0,0.0,0.045141,0.0,0.0,0.0,297.0,0.0,0.0,0.0,0.034582999999999996,0.03875,0.035417000000000004,0.0,0.0,0.0,236.25252000000003,0.0,0.0,0.0,0.0,0.23033299999999998,0.0,0.0,0.0,0.0,0.0,0.0,0.0,0.0,0.0,0.0,0.0,0.0,0.0,0.0,0.0,0.0,0.0,0.0,0.0,0.0,0.0,0.0,0.0,0.0,0.0,0.0,0.0,0.0,0.0,0.0,0.0,0.0,0.0,0.0,0.0,0.0,0.0,0.0,0.0,0.0,385.0,0.0,0.0,0,db connection limit;db connection limit
os_020,1592044740,0.0,0.0,0.0,1.0,0.0,0.015053,0.0,0.0,0.0,97.04251,0.016701,0.0,0.0,3.41,0.9735020000000001,1.94422,0.0,46.253887,0.0,0.0,0.0,0.0,0.0,0.048721,0.0,0.33333334,0.0,0.0,0.0,2.0,0.22519899999999998,0.0,0.0,0.0,0.0,0.0,0.0,0.0,0.0,0.0,1.0,0.022764668,0.0,0.0,0.0,0.0,0.0,0.0,0.0,0.0,72.29755,0.0,26.045887,0.0,6.212399,7.93,0.0,0.0,399.0,1.0,0.0,0.033474002,0.0,0.0,0.0,276.0,0.0,0.0,0.0,0.035417000000000004,0.045,0.037083,0.0,0.0,0.0,194.93347,0.0,0.0,0.0,0.0,0.190445,0.0,0.0,0.0,0.0,0.0,0.0,0.0,0.0,0.0,0.0,0.0,0.0,0.0,0.0,0.0,0.0,0.0,0.0,0.0,0.0,0.0,0.0,0.0,0.0,0.0,0.0,0.0,0.0,0.0,0.0,0.0,0.0,0.0,0.0,0.0,0.0,0.0,0.0,0.0,0.0,394.0,0.0,0.0,0,db connection limit;db connection limit
os_020,1592044800,0.0,0.0,0.0,1.0,0.0,0.0,0.0,0.0,0.0,96.31197,0.051511,0.0,0.0,2.53,1.095696,2.404405,0.0,0.0,0.0,0.0,0.0,0.0,0.0,0.060663,0.0,0.0,0.0,0.0,2.0,2.0,0.286674,0.0,4.32069,79.0,299.962,48.8991,146.679,0.0,0.0,0.0,1.0,0.027496332000000002,0.0,0.0,0.0,0.0,0.0,0.0,0.0,0.0,72.29468,0.0,0.0,0.0,6.210522,7.91,0.0,0.0,0.0,0.0,0.0,0.050433,0.0,0.0,0.0,327.0,0.0,0.0,0.0,0.034582999999999996,0.029167000000000002,0.034167,0.0,63.33333199999999,0.0,245.12326000000002,0.0,0.0,0.0,0.0,0.241452,0.0,72.333336,0.0,0.0,0.0,0.0,0.0,0.0,0.0,219616.0,0.0,0.0,0.0,0.0,0.0,0.0,0.0,0.0,0.0,0.0,0.0,0.0,0.0,0.0,0.0,0.0,0.0,0.0,0.0,0.0,0.0,0.0,0.0,0.0,0.0,0.0,0.0,0.0,0.0,0.0,465.0,0.0,0.0,0,db connection limit;db connection limit
os_021,1592044500,0.0,0.0,0.0,1.0,0.0,0.0,0.0,0.0,0.0,94.74332,0.011462,0.0,0.0,1.08,0.24799200000000002,4.571173,0.0,0.0,0.0,0.0,0.0,0.0,0.0,0.05843300000000001,0.0,0.0,0.0,0.0,0.0,4.0,1.308402,0.0,0.0,0.0,0.0,0.0,0.0,0.0,0.0,0.0,1.0,0.035164999999999995,0.0,0.0,0.0,0.0,0.0,0.0,0.0,0.0,45.69791,0.0,0.0,0.0,17.22306,27.37,0.0,0.0,0.0,0.0,0.0,0.056249,0.0,0.0,0.0,1333.0,0.0,0.0,0.0,0.060312,0.04875,0.050625,0.0,0.0,0.0,35.548088,0.0,0.0,0.0,0.0,0.055596000000000007,0.0,0.0,0.0,0.0,0.0,0.0,0.0,0.0,0.0,0.0,0.0,0.0,0.0,0.0,0.0,0.0,0.0,0.0,0.0,0.0,0.0,0.0,0.0,0.0,0.0,0.0,0.0,0.0,0.0,0.0,0.0,0.0,0.0,0.0,0.0,0.0,0.0,749.1565,460.0,6.8869567,245.0,1.0,0.0,0,db connection limit;db connection limit
os_021,1592044560,0.0,0.0,0.0,1.0,0.0,0.0,0.0,0.0,0.0,95.69465,0.008331999999999999,0.0,0.0,0.86,0.258812,3.5874040000000003,0.0,0.0,0.0,0.0,0.0,0.0,0.0,0.051877,0.0,0.0,0.0,0.0,0.0,5.0,1.306743,0.0,0.0,0.0,0.0,0.0,0.0,0.0,0.0,0.0,1.0,0.034617,0.0,0.0,0.0,0.0,0.0,0.0,0.0,0.0,45.697586,0.0,0.0,0.0,17.221424,27.37,0.0,0.0,0.0,0.0,0.0,0.052714,0.0,0.0,0.0,1331.0,0.0,0.0,0.0,0.0575,0.028125,0.044687,0.0,0.0,0.0,36.112316,0.0,0.0,0.0,0.0,0.056129,0.0,0.0,0.0,0.0,0.0,0.0,0.0,0.0,0.0,0.0,0.0,0.0,0.0,0.0,0.0,0.0,0.0,0.0,0.0,0.0,0.0,0.0,0.0,0.0,0.0,0.0,0.0,0.0,0.0,0.0,0.0,0.0,0.0,0.0,0.0,0.0,0.0,997.1048,458.0,7.7991266,243.0,1.0,0.0,0,db connection limit;db connection limit
os_021,1592044620,0.0,0.0,0.0,1.0,0.0,2.907742,0.0,0.0,0.0,94.92204,0.010419,0.0,0.0,1.39,0.22764099999999998,3.930945,0.0,11.193398,0.0,0.0,0.0,0.0,0.0,0.052000000000000005,0.0,0.0,0.0,0.0,0.0,5.0,1.3024930000000001,0.0,0.0,0.0,0.0,0.0,0.0,0.0,0.0,0.0,1.0,0.037758,0.0,0.0,0.0,0.0,0.0,0.0,0.0,0.0,45.699387,0.0,31.597790000000003,0.0,17.221615,27.37,0.0,0.0,281.0,1.0,0.0,0.062299,0.0,0.0,0.0,1347.0,0.0,0.0,0.0,0.057812999999999996,0.045937,0.047813,0.0,0.0,5.0,38.445366,0.0,0.0,0.0,0.0,0.059851,0.0,0.0,2.0,0.0,0.0,0.0,0.0,0.0,0.0,0.0,0.0,0.0,2.0,0.0,0.0,0.0,0.0,0.0,0.0,0.0,0.0,0.0,0.0,0.0,0.0,0.0,0.0,0.0,0.0,0.0,0.0,0.0,0.0,0.0,0.0,0.0,0.0,824.6168,488.0,8.043033,259.0,1.0,0.0,0,db connection limit;db connection limit
os_021,1592044680,0.0,0.0,0.0,1.0,0.0,0.0,0.0,0.0,0.0,96.01739,0.00834,0.0,0.0,1.48,0.220991,3.3719339999999995,0.0,0.0,0.0,0.0,0.0,0.0,0.0,0.050238,0.0,0.0,0.0,0.0,0.0,5.0,1.3162989999999999,0.0,13.3952,82.0,110.196,54.881,60.4767,0.0,0.0,0.0,1.0,0.036723,0.0,0.0,0.0,0.0,0.0,0.0,0.0,0.0,45.692974,0.0,0.0,0.0,17.227161,27.38,0.0,0.0,0.0,0.0,0.0,0.05855800000000001,0.0,0.0,0.0,1347.0,0.0,0.0,0.0,0.055938,0.034375,0.044375,0.0,141.0,0.0,37.721752,0.0,0.0,0.0,0.0,0.059316999999999995,0.0,147.0,0.0,0.0,0.0,0.0,0.0,0.0,0.0,0.0,0.0,0.0,0.0,0.0,0.0,0.0,0.0,0.0,0.0,0.0,0.0,0.0,0.0,0.0,0.0,0.0,0.0,0.0,0.0,0.0,0.0,0.0,0.0,0.0,0.0,0.0,0.0,874.43695,476.0,6.647059,305.0,1.0,0.0,0,db connection limit;db connection limit
os_021,1592044740,0.0,0.0,0.0,1.0,0.0,0.0,0.0,0.0,0.0,95.31235500000001,0.01251,0.0,0.0,1.27,0.248117,3.338251,0.0,0.0,0.0,0.0,0.0,0.0,0.0,0.067428,0.0,0.0,0.0,0.0,0.0,5.0,1.2917020000000001,0.0,0.0,0.0,0.0,0.0,0.0,0.0,0.0,0.0,1.0,0.031444,0.0,0.0,0.0,0.0,0.0,0.0,0.0,0.0,45.696938,0.0,0.0,0.0,17.222523000000002,27.37,0.0,0.0,0.0,0.0,0.0,0.044232,0.0,0.0,0.0,1329.0,0.0,0.0,0.0,0.054375,0.031875,0.041875,0.0,0.0,0.0,34.11838,0.0,0.0,0.0,0.0,0.052625,0.0,0.0,0.0,0.0,0.0,0.0,0.0,0.0,0.0,0.0,0.0,0.0,0.0,0.0,0.0,0.0,0.0,0.0,0.0,0.0,0.0,0.0,0.0,0.0,0.0,0.0,0.0,0.0,0.0,0.0,0.0,0.0,0.0,0.0,0.0,0.0,0.0,797.63446,424.0,7.0731134,261.0,1.0,0.0,0,db connection limit;db connection limit
os_021,1592044800,0.0,0.0,0.0,1.0,0.0,0.0,0.0,0.0,0.0,94.66819,0.007814,0.0,0.0,2.33,0.19328900000000002,4.613044,0.0,0.0,0.0,0.0,0.0,0.0,0.0,0.057254,0.0,0.0,0.0,0.0,0.0,5.0,1.305959,0.0,0.0,0.0,0.0,0.0,0.0,0.0,0.0,0.0,1.0,0.037981,0.0,0.0,0.0,0.0,0.0,0.0,0.0,0.0,45.699665,0.0,0.0,0.0,17.220966,27.37,0.0,0.0,0.0,0.0,0.0,0.062829,0.0,0.0,0.0,1337.0,0.0,0.0,0.0,0.057812999999999996,0.075625,0.054062,0.0,0.0,0.0,37.40909600000001,0.0,0.0,0.0,0.0,0.058852,0.0,0.0,0.0,0.0,0.0,0.0,0.0,0.0,0.0,0.0,0.0,0.0,0.0,0.0,0.0,0.0,0.0,0.0,0.0,0.0,0.0,0.0,0.0,0.0,0.0,0.0,0.0,0.0,0.0,0.0,0.0,0.0,0.0,0.0,0.0,0.0,0.0,1081.5231,478.0,8.112969999999999,243.0,1.0,0.0,0,db connection limit;db connection limit
os_022,1592044500,0.0,0.0,0.0,1.0,0.0,0.0,0.0,0.0,0.0,96.41546,0.006772,0.0,0.0,1.55,0.234952,2.106256,0.0,0.0,0.0,0.0,0.0,0.0,0.0,0.049179,0.0,0.0,0.0,0.0,0.0,4.0,1.2499280000000002,0.0,0.0,100.0,110.196,67.0383,73.8736,0.0,0.0,0.0,1.0,0.036786,0.0,0.0,0.0,0.0,0.0,0.0,0.0,0.0,26.380451,0.0,0.0,0.0,36.540653000000006,58.07,0.0,0.0,0.0,0.0,0.0,0.058207,0.0,0.0,0.0,1329.0,0.0,0.0,0.0,0.0675,0.038125,0.062812,0.0,0.0,0.0,4676116.5,0.0,0.0,0.0,0.0,5983.916,0.0,0.0,0.0,0.0,0.0,0.0,0.0,0.0,0.0,0.0,0.0,0.0,0.0,0.0,0.0,0.0,0.0,0.0,0.0,0.0,0.0,0.0,0.0,0.0,0.0,0.0,0.0,0.0,0.0,0.0,0.0,0.0,0.0,0.0,0.0,0.0,0.0,742.83984,462.0,6.5800867,317.0,1.0,0.0,0,db connection limit;db connection limit
os_022,1592044560,0.0,0.0,0.0,1.0,0.0,0.0,0.0,0.0,0.0,96.106415,0.01042,0.0,0.0,1.02,0.209446,2.580521,0.0,0.0,0.0,0.0,0.0,0.0,0.0,0.05660700000000001,0.0,0.0,0.0,0.0,0.0,5.0,1.296215,0.0,0.0,0.0,0.0,0.0,0.0,0.0,0.0,0.0,1.0,0.0348,0.0,0.0,0.0,0.0,0.0,0.0,0.0,0.0,26.38197700000001,0.0,0.0,0.0,36.53671,58.07,0.0,0.0,0.0,0.0,0.0,0.056286,0.0,0.0,0.0,1292.0,0.0,0.0,0.0,0.065,0.035625,0.057188,0.0,0.0,0.0,37.788956,0.0,0.0,0.0,0.0,0.056658000000000014,0.0,0.0,0.0,0.0,0.0,0.0,0.0,0.0,0.0,0.0,0.0,0.0,0.0,0.0,0.0,0.0,0.0,0.0,0.0,0.0,0.0,0.0,0.0,0.0,0.0,0.0,0.0,0.0,0.0,0.0,0.0,0.0,0.0,0.0,0.0,0.0,0.0,702.8879400000003,464.0,9.370689,309.0,1.0,0.0,0,db connection limit;db connection limit
os_022,1592044620,0.0,0.0,0.0,1.0,0.0,0.0,0.0,0.0,0.0,95.157036,0.007812999999999999,0.0,0.0,7.63,0.245338,3.6343080000000003,0.0,0.0,0.0,0.0,0.0,0.0,0.0,0.050667000000000004,0.0,0.0,0.0,0.0,0.0,5.0,1.296019,0.0,0.0,0.0,0.0,0.0,0.0,0.0,0.0,0.0,1.0,0.037341,0.0,0.0,0.0,0.0,0.0,0.0,0.0,0.0,26.378082,0.0,0.0,0.0,36.540375,58.07,0.0,0.0,0.0,0.0,0.0,0.05683,0.0,0.0,0.0,1321.0,0.0,0.0,0.0,0.06375,0.0375,0.054375,0.0,0.0,0.0,39.248177,0.0,0.0,0.0,0.0,0.060992,0.0,0.0,0.0,0.0,0.0,0.0,0.0,0.0,0.0,0.0,0.0,0.0,0.0,0.0,0.0,0.0,0.0,0.0,0.0,0.0,0.0,0.0,0.0,0.0,0.0,0.0,0.0,0.0,0.0,0.0,0.0,0.0,0.0,0.0,0.0,0.0,0.0,610.7208,480.0,7.241667,301.0,1.0,0.0,0,db connection limit;db connection limit
os_022,1592044680,0.0,0.0,0.0,1.0,0.0,0.0,0.0,0.0,0.0,95.528435,0.007295,0.0,0.0,1.05,0.254776,3.062511,0.0,0.0,0.0,0.0,0.0,0.0,0.0,0.050461,0.0,0.0,0.0,0.0,0.0,4.0,1.261801,0.0,0.0,0.0,0.0,0.0,0.0,0.0,0.0,0.0,1.0,0.038872000000000004,0.0,0.0,0.0,0.0,0.0,0.0,0.0,0.0,26.381890000000002,0.0,0.0,0.0,36.53712,58.07,0.0,0.0,0.0,0.0,0.0,0.060973,0.0,0.0,0.0,1288.0,0.0,0.0,0.0,0.064375,0.061562,0.058125,0.0,0.0,0.0,0.0,0.0,0.0,0.0,0.0,0.0,0.0,0.0,0.0,0.0,0.0,0.0,0.0,0.0,0.0,0.0,0.0,0.0,0.0,0.0,0.0,0.0,0.0,0.0,0.0,0.0,0.0,0.0,0.0,0.0,0.0,0.0,0.0,0.0,0.0,0.0,0.0,0.0,0.0,0.0,0.0,0.0,0.0,608.075,480.0,7.383333,298.0,1.0,0.0,0,db connection limit;db connection limit
os_022,1592044740,0.0,0.0,0.0,1.0,0.0,3.7611269999999997,0.0,0.0,0.0,96.41233000000001,0.01146,0.0,0.0,0.49,0.235987,2.555688,0.0,22.215042,0.0,0.0,0.0,0.0,0.0,0.057705999999999986,0.0,0.0,0.0,0.0,0.0,3.0,1.2580559999999998,0.0,0.0,0.0,0.0,0.0,0.0,0.0,0.0,0.0,1.0,0.038607,0.0,0.0,0.0,0.0,0.0,0.0,0.0,0.0,26.3838,0.0,0.410667,0.0,36.534832,58.06,0.0,0.0,299.0,1.0,0.0,0.05964600000000001,0.0,0.0,0.0,1288.0,0.0,0.0,0.0,0.061875,0.038125,0.052187,0.0,151.0,0.0,0.0,0.0,0.0,0.0,0.0,0.0,0.0,159.0,1.0,0.0,0.0,0.0,0.0,0.0,0.0,0.0,0.0,0.0,3.0,0.0,0.0,0.0,0.0,0.0,0.0,0.0,0.0,0.0,0.0,0.0,0.0,0.0,0.0,0.0,0.0,0.0,0.0,0.0,0.0,0.0,0.0,0.0,0.0,1199.9213,432.0,7.578703999999999,366.0,1.0,0.0,0,db connection limit;db connection limit
os_022,1592044800,0.0,0.0,0.0,1.0,0.0,0.0,0.0,0.0,0.0,95.10736999999999,0.008334999999999999,0.0,0.0,1.33,0.253183,3.436689,0.0,0.0,0.0,0.0,0.0,0.0,0.0,0.041718,0.0,0.0,0.0,0.0,0.0,4.0,1.260681,0.0,0.0,100.0,110.196,67.0401,73.8755,0.0,0.0,0.0,1.0,0.03485,0.0,0.0,0.0,0.0,0.0,0.0,0.0,0.0,26.37785,0.0,0.0,0.0,36.54353,58.08,0.0,0.0,0.0,0.0,0.0,0.054478,0.0,0.0,0.0,1290.0,0.0,0.0,0.0,0.059062,0.025,0.045625,0.0,0.0,0.0,0.0,0.0,0.0,0.0,0.0,0.0,0.0,0.0,0.0,0.0,0.0,0.0,0.0,0.0,0.0,0.0,0.0,0.0,0.0,0.0,0.0,0.0,0.0,0.0,0.0,0.0,0.0,0.0,0.0,0.0,0.0,0.0,0.0,0.0,0.0,0.0,0.0,0.0,0.0,0.0,0.0,0.0,0.0,586.6474599999998,468.0,7.1260686,336.0,1.0,0.0,0,db connection limit;db connection limit
